"netrad_toa","albedo","swabstoa_ave","swabstoa","swabstoa_soceans","sw_cre","olr_ave","olr","lw_cre","pwv","qv_200hpa","qv_600hpa","qv_925hpa","T_200hpa","T_600hpa","T_925hpa","CLWP_no_precip_cond","prec_mc","prec","tcc","tcc_isccp"
5.96617031097412,28.8387775421143,241.824554443359,36.836067199707,16.147762298584,34.2431221008301,235.858367919922,38.6630668640137,19.8574886322021,0.584424495697021,9.10321468836628e-05,0.000272743258392438,0.000833303085528314,8.84716415405273,15.5999374389648,4.13200283050537,0.168629840016365,4.407898086356e-05,2.28579974645982e-05,62.0682258605957,105.290176391602
15.4809112548828,26.2699222564697,250.554183959961,106.149108886719,43.3543701171875,100.441551208496,235.073348999023,57.6064071655273,37.2541046142578,1.13194584846497,9.16726858122274e-05,0.000747491896618158,0.001508500543423,9.79933929443359,18.3452548980713,2.84510064125061,0.362092852592468,5.26889052707702e-05,1.9800503650913e-05,114.351531982422,156.845901489258
25.9309597015381,21.4483222961426,266.939270019531,205.130355834961,75.0771179199219,203.109512329102,241.008346557617,31.3933906555176,50.3247566223145,5.15103626251221,2.0283812773414e-05,0.00169475434813648,0.00178907939698547,16.2730121612549,13.018702507019,4.86539554595947,0.432600557804108,7.53210333641618e-05,3.56223681592382e-05,152.514511108398,218.538589477539
5.8860182762146,29.4142456054688,239.868988037109,58.603458404541,49.1809005737305,48.0824317932129,233.983001708984,53.5353012084961,26.7351112365723,1.25427854061127,6.01409810769837e-05,0.000645511550828815,0.00232334132306278,12.1942090988159,14.8103685379028,3.18457627296448,0.536060690879822,3.86325555155054e-05,3.18843303830363e-05,113.364852905273,140.345855712891
4.50633239746094,29.6867218017578,238.943069458008,52.4396934509277,28.3355159759521,47.1033592224121,234.436767578125,48.930591583252,20.2486553192139,0.548682928085327,0.000109391097794287,0.000363783707143739,0.000538660329766572,11.5189437866211,18.8071956634521,3.76313638687134,0.372984617948532,6.62343736621551e-05,1.82222393050324e-05,93.7026214599609,125.472175598145
21.6412258148193,27.58180809021,246.096099853516,70.5297012329102,12.4193849563599,67.5897827148438,224.454879760742,143.925247192383,93.7461853027344,8.18752002716064,9.02851097634993e-05,0.00146446761209518,0.00253046187572181,23.3956146240234,12.2235441207886,2.69363951683044,0.241177946329117,2.48192445724271e-05,3.31795890815556e-05,76.1132659912109,117.609245300293
10.254864692688,32.9680252075195,227.792282104492,118.466979980469,43.8083152770996,136.534118652344,217.53742980957,185.29719543457,121.660079956055,18.1615104675293,0.000179804104845971,0.00231593661010265,0.00434608152136207,32.662525177002,10.9981670379639,2.4875853061676,0.198080882430077,3.35021977662109e-05,3.50126611010637e-05,65.8553924560547,52.0189895629883
29.2592334747314,27.0299339294434,247.971481323242,95.5348510742188,38.4511909484863,93.5401992797852,218.712341308594,180.585708618164,128.165710449219,17.6248836517334,0.000264787755440921,0.00336840189993382,0.00416442332789302,39.4857864379883,11.185754776001,4.40335893630981,0.384633362293243,2.8256639780011e-05,4.53425200248603e-05,85.6937255859375,109.230674743652
9.71966457366943,27.1586360931396,247.534118652344,70.7271423339844,16.5564193725586,61.704475402832,237.814514160156,28.1403846740723,25.3191299438477,2.58480715751648,7.03586483723484e-05,0.000545980408787727,0.00219427770934999,13.1453132629395,13.5902652740479,2.66886806488037,0.301462203264236,2.19088269659551e-05,3.40567021339666e-05,72.9261627197266,109.200950622559
22.039083480835,23.955587387085,258.418975830078,162.287307739258,89.0967178344727,147.953338623047,236.3798828125,53.2329978942871,39.9197044372559,1.48056554794312,8.13583901617676e-05,0.000830481003504246,0.00460906885564327,11.745846748352,16.1796474456787,3.83567118644714,0.438171625137329,6.87217980157584e-05,2.99505591101479e-05,102.383453369141,153.810653686523
9.5755500793457,30.6944808959961,235.518371582031,76.3890991210938,19.1117095947266,93.8218002319336,225.94287109375,118.337387084961,74.889533996582,0.701988637447357,8.56547831062926e-06,0.00135937263257802,0.00336856883950531,14.0767211914062,12.6595373153687,1.88681221008301,0.250381529331207,5.86426904192194e-05,2.76219579973258e-05,57.3829879760742,85.5039749145508
8.10542678833008,28.5207538604736,242.905319213867,74.3646011352539,12.1984901428223,80.8242416381836,234.799835205078,61.3194236755371,34.6607437133789,0.640123307704926,0.000114655900688376,0.000807574368081987,0.00490578124299645,11.3608665466309,19.7124500274658,6.53573894500732,0.230951488018036,6.15422250120901e-05,3.21768675348721e-05,54.9909553527832,84.5835800170898
6.65625286102295,27.6513328552246,245.859848022461,67.1921615600586,28.7785663604736,57.6839447021484,239.203582763672,20.3585987091064,57.5574798583984,0.850908696651459,9.03406107681803e-05,0.000373757357010618,0.000628108507953584,7.50280666351318,18.3974151611328,4.52510261535645,0.224775224924088,8.47135452204384e-05,2.14702977245906e-05,116.519180297852,153.314331054688
8.96341419219971,26.9759960174561,248.154800415039,86.214714050293,19.5432968139648,83.3676605224609,239.191345214844,34.4719200134277,54.0609550476074,0.470416933298111,0.000124593716464005,0.000502045906614512,0.0015866142930463,13.9562854766846,21.5396690368652,5.62422513961792,0.282892167568207,6.05972709308844e-05,1.82300645974465e-05,109.641235351562,163.23274230957
19.0297966003418,24.0328254699707,258.156494140625,140.832229614258,38.0393714904785,123.117332458496,239.126678466797,24.8666095733643,41.2194175720215,2.22266554832458,4.56376874353737e-05,0.00140061462298036,0.00105057889595628,11.2872648239136,15.7971391677856,2.4587140083313,0.361186861991882,2.29868128371891e-05,2.71933276962955e-05,131.201507568359,186.997604370117
11.0983428955078,25.7546463012695,252.305252075195,103.226486206055,8.39351272583008,87.3622589111328,241.206939697266,28.7819366455078,55.9905433654785,1.12013173103333,0.000112124376755673,0.000735182489734143,0.000566556584089994,10.7860908508301,18.5342350006104,2.98422360420227,0.27100595831871,5.43272217328195e-05,2.38918819377432e-05,132.427749633789,183.323379516602
4.0836672782898,30.2380294799805,237.069488525391,70.9565811157227,56.3923149108887,60.4204444885254,232.985870361328,59.6933212280273,16.9112586975098,1.65876877307892,7.70405822549947e-05,0.000832376768812537,0.00119267741683871,11.6668157577515,15.0408315658569,4.71579647064209,0.333636164665222,5.5608030379517e-05,1.92073403013637e-05,75.1453552246094,101.297576904297
12.5867462158203,26.0245685577393,251.388000488281,92.5191192626953,9.00145816802979,71.3739395141602,238.801254272461,24.099235534668,44.0855979919434,0.607238173484802,0.000102178753877524,0.000728832033928484,0.00133405660744756,5.7707314491272,16.8569889068604,5.52037048339844,0.271472841501236,7.54624197725207e-05,2.21541504288325e-05,93.9201354980469,129.808258056641
8.7236442565918,25.8662223815918,251.926086425781,100.138198852539,7.09630918502808,90.2258377075195,243.202453613281,36.167293548584,73.8380661010742,1.0333446264267,0.00012653018347919,0.000627624103799462,0.00102379324380308,10.1685619354248,19.6084747314453,4.86135339736938,0.236445888876915,3.30707989633083e-05,2.43256763496902e-05,153.618865966797,181.815505981445
12.6376399993896,25.4334888458252,253.396591186523,107.449531555176,13.5611734390259,97.3538131713867,240.759002685547,23.7495193481445,54.2037582397461,1.14142620563507,0.000105041086499114,0.000622755731455982,0.00125275482423604,11.2100610733032,17.9804229736328,2.33575916290283,0.288538336753845,4.32516499131452e-05,3.31446863128804e-05,118.347526550293,182.918243408203
11.1974954605103,26.5799217224121,249.500747680664,92.5379791259766,12.4535551071167,96.1079483032227,238.30322265625,31.9491271972656,39.70263671875,2.62304139137268,9.98137620626949e-05,0.00132062484044582,0.00121439178474247,14.6717901229858,19.1306571960449,3.40759634971619,0.302651345729828,7.52272680983879e-05,1.86684028449235e-05,129.083709716797,177.775039672852
23.8707027435303,25.4555320739746,253.321685791016,120.073867797852,53.8974342346191,112.630462646484,229.451049804688,98.6224517822266,56.2455215454102,7.41293621063232,5.13659651915077e-05,0.000660212535876781,0.00299482862465084,20.0939388275146,11.858829498291,4.95388698577881,0.385734170675278,3.48457615473308e-05,2.9711147362832e-05,92.930778503418,152.427352905273
6.89526557922363,26.9863758087158,248.119506835938,108.557472229004,46.8960647583008,88.8486709594727,241.224151611328,41.3114051818848,60.658821105957,1.08177936077118,0.000119651143904775,0.000768627680372447,0.000925388827454299,8.15627670288086,18.9531478881836,3.4233832359314,0.501654207706451,2.74869726126781e-05,3.64881489076652e-05,144.196228027344,184.691497802734
12.4047870635986,26.2943000793457,250.471374511719,87.3801498413086,9.74838161468506,61.8053779602051,238.066589355469,30.3798637390137,39.5494689941406,0.767897605895996,8.04400697234087e-05,0.000349358160747215,0.00161154009401798,12.5179243087769,15.9390802383423,4.77511548995972,0.263638198375702,8.29399723443203e-05,2.3848933778936e-05,96.8705978393555,138.153854370117
6.4034423828125,25.8875942230225,251.853485107422,102.468955993652,11.0464630126953,90.7441940307617,245.449981689453,60.7774276733398,93.121826171875,0.871441662311554,0.000144894685945474,0.00278228474780917,0.000542680965736508,11.1331768035889,22.2797679901123,4.60337543487549,0.251923471689224,2.71955032076221e-05,4.71526873297989e-05,158.32551574707,201.765777587891
4.16372442245483,29.0264511108398,241.186798095703,45.4054374694824,30.7654037475586,44.4661750793457,237.023086547852,30.0802097320557,26.5607147216797,0.598521530628204,9.76070514298044e-05,0.000830887409392744,0.00325158005580306,6.06053495407104,15.712947845459,3.81042790412903,0.217051297426224,8.07280739536509e-05,2.05403830477735e-05,81.2519683837891,114.114471435547
23.4642162322998,25.5816230773926,252.893264770508,126.074737548828,62.7848091125488,118.077583312988,229.42903137207,101.128677368164,68.5088653564453,2.25311350822449,2.058998143184e-05,0.000895997742190957,0.00819248240441084,15.3120889663696,13.6374282836914,4.07219839096069,0.396559506654739,5.75216436118353e-05,3.72203576262109e-05,56.3754920959473,101.622360229492
13.8999032974243,25.7014789581299,252.485931396484,107.689819335938,10.2746992111206,91.0448608398438,238.586044311523,28.797399520874,52.2276268005371,0.786738634109497,9.1310270363465e-05,0.000521421257872134,0.00153411773499101,12.5517091751099,18.2311592102051,5.30274295806885,0.292437255382538,6.42129743937403e-05,2.37756521528354e-05,121.474967956543,177.556304931641
-10.1579761505127,33.4631958007812,226.109588623047,124.13916015625,51.0312423706055,144.481369018555,236.267562866211,35.6533889770508,33.902214050293,2.01710367202759,0.000131031702039763,0.00060456246137619,0.000953185721300542,8.58499336242676,19.6444625854492,5.8993706703186,0.28587943315506,7.56471490603872e-05,4.00283388444223e-05,67.7724761962891,69.9445571899414
-1.01979267597198,32.0835151672363,230.798095703125,106.447113037109,32.659065246582,114.826927185059,231.817947387695,73.5569610595703,29.3798294067383,0.607331275939941,7.63620773795992e-05,0.000433394510764629,0.00104820833075792,12.6557388305664,17.1677169799805,4.21905422210693,0.166538283228874,5.83802102482878e-05,1.52619704749668e-05,63.6916465759277,86.6464157104492
11.5666341781616,29.7119922637939,238.857162475586,114.911582946777,13.4167032241821,125.819564819336,227.290512084961,123.641983032227,71.0946731567383,4.53044939041138,3.70812667824794e-05,0.000657966244034469,0.00206817127764225,13.7009372711182,15.9668951034546,2.74377250671387,0.237831860780716,3.986896990682e-05,2.25901712838095e-05,80.5456390380859,116.379707336426
21.9044361114502,25.4203357696533,253.441268920898,110.274032592773,44.5329284667969,91.0457763671875,231.53694152832,78.5309829711914,42.7285232543945,3.15316700935364,1.93979449250037e-05,0.00101062853354961,0.00151205458678305,18.5699501037598,13.8612623214722,2.48703527450562,0.340637356042862,5.98364604229573e-05,2.28947174036875e-05,77.7131500244141,129.338653564453
18.1923751831055,24.1138725280762,257.880981445312,143.817199707031,27.8687953948975,122.470039367676,239.68864440918,30.367603302002,48.0140533447266,2.42477202415466,5.38103377039079e-05,0.00118765654042363,0.00070038519334048,10.650050163269,13.5485000610352,3.9595320224762,0.303474515676498,5.44870345038362e-05,2.19776356971124e-05,142.921630859375,193.999496459961
-8.71713733673096,31.8241844177246,231.67936706543,115.681846618652,78.6044158935547,82.7062759399414,240.396484375,45.895938873291,54.2468528747559,1.66544198989868,0.000103907346783672,0.00226156460121274,0.00128213106654584,8.389817237854,17.7974071502686,5.3190221786499,0.535709023475647,4.8451929615112e-05,4.91634236823302e-05,118.888229370117,128.398391723633
5.96837091445923,30.8349285125732,235.041137695312,61.738395690918,26.2234725952148,84.5884323120117,229.072784423828,91.5488128662109,42.0795669555664,2.31497836112976,4.46731464762706e-05,0.0012435702374205,0.00107759551610798,13.077395439148,15.1290903091431,2.94641542434692,0.150837615132332,5.11995967826806e-05,2.36170617426978e-05,44.2127113342285,57.6560592651367
27.6215267181396,24.8779830932617,255.284423828125,145.005233764648,73.6245422363281,134.645278930664,227.662857055664,131.672332763672,85.6314239501953,12.2933683395386,0.000148057370097376,0.00170677504502237,0.00372535991482437,29.1058654785156,12.1349906921387,3.65990233421326,0.391527533531189,2.99516104860231e-05,3.17480516969226e-05,109.608238220215,157.873382568359
9.54708003997803,27.1875419616699,247.435897827148,70.5346984863281,9.2110767364502,50.5489959716797,237.888793945312,35.6406669616699,39.8301811218262,12.589259147644,0.000113883892481681,0.00129035639110953,0.00646894564852118,14.8668022155762,22.568717956543,5.77013540267944,0.234236046671867,8.45454051159322e-05,2.90178159048082e-05,94.1425247192383,126.368522644043
8.51429462432861,30.2432498931885,237.051818847656,57.221508026123,13.0736589431763,77.7841567993164,228.537490844727,95.3744125366211,50.994010925293,1.50017178058624,2.35463467106456e-05,0.000765095988754183,0.0013044560328126,13.6978769302368,12.5699214935303,2.62177920341492,0.186021938920021,6.16684919805266e-05,1.89077054528752e-05,44.6098709106445,56.1431846618652
34.4017486572266,31.3457927703857,233.305038452148,218.746154785156,56.1228561401367,239.78938293457,198.9033203125,370.477935791016,283.905242919922,83.6171722412109,0.00210257759317756,0.0146176097914577,0.00870588235557079,99.6510772705078,19.8821716308594,9.50498580932617,0.413475960493088,0.000112553723738529,8.05064701125957e-05,105.732131958008,131.770904541016
3.48471689224243,29.2094173431396,240.565048217773,76.6315155029297,56.1999092102051,60.3488121032715,237.080276489258,31.3148899078369,47.0346565246582,0.453125894069672,0.000121852041047532,0.000552703684661537,0.00152267026714981,11.1287279129028,20.3368186950684,7.278564453125,0.667482137680054,8.36502658785321e-05,1.97210592887131e-05,104.465293884277,140.1015625
3.69176626205444,28.2936267852783,243.677169799805,105.332458496094,70.8822708129883,109.910011291504,239.9853515625,50.1869926452637,72.5261535644531,0.894141852855682,0.00011318783799652,0.000793563725892454,0.00113344215787947,9.43216133117676,18.0263080596924,3.23432302474976,0.869329690933228,2.36083487834549e-05,4.09567728638649e-05,156.421035766602,201.282745361328
8.80627822875977,29.8586692810059,238.358734130859,104.396881103516,11.6966342926025,119.328765869141,229.552444458008,97.346565246582,48.0377960205078,1.11186397075653,7.28766244719736e-05,0.00166496820747852,0.0007365204510279,10.3549842834473,16.814395904541,3.39339661598206,0.285973638296127,4.58381618955173e-05,3.20365179504734e-05,95.0568466186523,130.231948852539
11.3750848770142,25.0030746459961,254.859283447266,124.737998962402,17.230016708374,106.302360534668,243.484222412109,40.3712463378906,71.1855926513672,0.888065755367279,0.000128890678752214,0.00108842505142093,0.000597296631895006,11.661340713501,19.9977054595947,3.61611747741699,0.300703436136246,6.60946752759628e-05,3.26748195220716e-05,168.095504760742,213.185699462891
18.5836524963379,26.2129249572754,250.74787902832,93.0218124389648,9.34946060180664,81.8235092163086,232.164291381836,72.0088729858398,30.7688732147217,3.42181324958801,6.39554309600499e-06,0.00132004334591329,0.00180133583489805,15.1720390319824,13.3310127258301,3.15655779838562,0.280831873416901,4.03596386604477e-05,2.21734244405525e-05,87.6385040283203,136.070999145508
-24.4043579101562,39.5939102172852,205.275787353516,297.519104003906,105.09789276123,313.544647216797,229.680206298828,84.9155044555664,24.5991897583008,10.7414293289185,7.69733524066396e-05,0.00188659864943475,0.00100498530082405,9.7656135559082,15.2498292922974,6.88517141342163,1.58221209049225,6.68201537337154e-05,2.62667872448219e-05,63.1103858947754,59.9894523620605
18.6377620697021,24.3248195648193,257.164184570312,135.935531616211,30.5312175750732,117.434745788574,238.526428222656,28.0582332611084,37.1503257751465,2.50681042671204,1.66667450685054e-05,0.00192482327111065,0.00136151583865285,13.6258926391602,16.2141914367676,2.12148690223694,0.311403274536133,8.07810502010398e-05,3.62019891326781e-05,136.331481933594,198.117080688477
14.2401542663574,24.6521625518799,256.051818847656,124.088737487793,28.6169281005859,119.373382568359,241.811584472656,25.4548206329346,55.2534141540527,2.29501104354858,0.000104925813502632,0.00074661779217422,0.00134945975150913,10.0595483779907,15.8652544021606,2.47328495979309,0.347705632448196,4.87460347358137e-05,3.57206117769238e-05,144.721893310547,192.349868774414
7.88919734954834,27.4437866210938,246.565139770508,87.9175491333008,40.4847679138184,72.012321472168,238.675933837891,26.5661239624023,37.5835113525391,1.64954650402069,7.38583548809402e-05,0.000461884919786826,0.00174222816713154,8.35756874084473,15.7073106765747,3.61488652229309,0.328372269868851,4.4040509237675e-05,2.91133510472719e-05,104.847579956055,154.73014831543
9.49682140350342,27.9787578582764,244.747192382812,80.428337097168,14.7602272033691,77.0240325927734,235.250259399414,47.6139450073242,28.8576946258545,0.599219977855682,0.000108222389826551,0.000538374413736165,0.000662220933008939,12.7318572998047,19.4131240844727,3.78853344917297,0.322222590446472,3.1065948860487e-05,1.42693907037028e-05,118.400657653809,161.318374633789
11.3043937683105,27.0923557281494,247.759384155273,100.93790435791,42.372802734375,99.3576278686523,236.454986572266,50.726505279541,41.5687942504883,7.90329647064209,0.00011535405064933,0.00092230987502262,0.00558971194550395,13.0801935195923,22.8061065673828,4.95129299163818,0.327299326658249,7.62603885959834e-05,1.93722153198905e-05,88.3093566894531,122.055122375488
7.98846817016602,28.2514781951904,243.8203125,71.8499221801758,5.65277814865112,74.7272262573242,235.831924438477,45.6930694580078,29.6095409393311,4.95957279205322,8.60794025356881e-05,0.00134013197384775,0.0033450536429882,10.7798795700073,17.4900436401367,3.64743423461914,0.278751909732819,9.95160298771225e-05,2.65224643953843e-05,85.6953125,120.123741149902
17.039924621582,24.0940895080566,257.948272705078,140.746322631836,31.023193359375,123.665969848633,240.908325195312,27.6041736602783,51.6702842712402,3.09634065628052,6.63205719320104e-05,0.00126470997929573,0.00150691764429212,11.8052797317505,16.2749996185303,2.12932968139648,0.321127355098724,3.02122498396784e-05,3.69819535990246e-05,144.232604980469,196.909576416016
15.3069038391113,24.3494396209717,257.080505371094,135.6865234375,24.4931793212891,114.066230773926,241.77360534668,26.8682136535645,62.4061470031738,0.745095610618591,0.0001215119191329,0.00264314329251647,0.000724850920960307,8.675705909729,21.6127014160156,3.2279646396637,0.286470234394073,3.70764792023692e-05,2.4777626094874e-05,158.93782043457,207.685943603516
6.39918756484985,27.3153190612793,247.001647949219,86.1845703125,32.903434753418,77.1448669433594,240.602478027344,35.3652229309082,56.1721534729004,0.544922471046448,0.000140545380418189,0.00178551021963358,0.00111976859625429,8.93824005126953,22.2909355163574,2.98387598991394,0.318868279457092,4.16223156207707e-05,4.09369422413874e-05,155.393829345703,190.76530456543
7.96047067642212,29.3656826019287,240.034042358398,63.315544128418,49.5076026916504,53.8771629333496,232.073516845703,66.0250930786133,24.7641353607178,0.921520054340363,2.97138449241174e-05,0.000352319068042561,0.00112715328577906,12.556001663208,14.0048608779907,2.99877977371216,0.30127364397049,7.29199673514813e-05,2.68028961727396e-05,76.792121887207,122.58130645752
9.40836429595947,28.6939716339111,242.316650390625,64.897102355957,9.23663234710693,76.983772277832,232.908248901367,65.1798934936523,27.7178611755371,1.32762169837952,8.79987928783521e-05,0.000985124381259084,0.0055480794981122,12.7192659378052,17.6641635894775,3.55466508865356,0.251402229070663,6.8471024860628e-05,3.13444470521063e-05,65.7302322387695,93.5587158203125
9.8902587890625,29.3224239349365,240.18098449707,76.8155899047852,28.6442317962646,75.5917358398438,230.290786743164,84.6166687011719,41.4700164794922,0.816639006137848,3.2196068787016e-05,0.00114229996688664,0.0010988456197083,13.7934627532959,16.0481147766113,1.96087324619293,0.296949595212936,5.03014052810613e-05,2.68222229351522e-05,85.6265029907227,136.030349731445
21.3484115600586,22.2430877685547,264.238494873047,187.485015869141,43.5899925231934,179.418304443359,242.890106201172,41.5911674499512,59.4425773620605,3.05771255493164,8.15956518636085e-05,0.00238911458291113,0.000888418406248093,9.87798881530762,16.7261123657227,2.57336807250977,0.336944043636322,9.05059350770898e-05,2.71463723038323e-05,169.917144775391,241.855712890625
7.27103233337402,27.1909027099609,247.42448425293,81.4936141967773,19.1169815063477,71.8437347412109,240.153457641602,23.1503086090088,50.8031883239746,0.960051000118256,0.000114401722385082,0.000505273521412164,0.000681490811984986,10.0128593444824,18.395263671875,3.00879955291748,0.286870986223221,3.40189544658642e-05,2.28542794502573e-05,144.571014404297,185.96208190918
25.7000198364258,23.0798587799072,261.394927978516,169.776931762695,75.4412307739258,155.206283569336,235.694839477539,66.4584732055664,48.4988784790039,5.70835828781128,2.93485118163517e-05,0.000905167951714247,0.00225579645484686,19.065279006958,12.586817741394,2.72896528244019,0.419011741876602,2.38399497902719e-05,2.32974671234842e-05,128.34538269043,190.501663208008
22.5776023864746,21.0365676879883,268.338531494141,218.460250854492,82.1963348388672,200.956771850586,245.760925292969,53.3110008239746,85.9662628173828,3.16631102561951,9.67809828580357e-05,0.00102054898161441,0.000972373643890023,12.7770109176636,17.5124702453613,3.96843314170837,0.417168110609055,5.01917602377944e-05,2.43557733483613e-05,167.393035888672,242.036437988281
10.1687517166138,31.7330951690674,231.98893737793,91.0677795410156,43.2082023620605,87.997917175293,221.820159912109,150.418273925781,97.1444320678711,2.81983351707458,5.78805011173245e-05,0.00153350282926112,0.00106287596281618,23.5157451629639,12.4758596420288,2.40086007118225,0.284778296947479,3.85467792511918e-05,3.10248651658185e-05,59.5181045532227,74.2657318115234
21.8127136230469,27.9491786956787,244.847671508789,67.6204299926758,9.76928424835205,65.8191986083984,223.034927368164,147.878082275391,96.8886642456055,9.08052158355713,0.000141886310302652,0.00245893863029778,0.00233102077618241,30.5126152038574,10.9471263885498,3.03027868270874,0.296339899301529,3.58699435309973e-05,3.35844088112935e-05,73.9657592773438,94.5449066162109
17.6023807525635,25.5044193267822,253.155609130859,106.197593688965,11.9952411651611,85.2554626464844,235.55322265625,48.8211669921875,27.101016998291,2.19216299057007,3.82360667572357e-05,0.000687437888700515,0.000698861724231392,12.1729698181152,13.5030584335327,2.99170994758606,0.282266408205032,5.24304632563144e-05,1.78334503289079e-05,85.9041137695312,148.696365356445
16.1543998718262,25.205493927002,254.171432495117,111.182411193848,15.4576454162598,92.4065322875977,238.017028808594,27.8872203826904,28.0077819824219,1.52901113033295,6.05819186603185e-05,0.000746287114452571,0.00303393858484924,10.4616899490356,13.8417043685913,2.81671404838562,0.269933760166168,6.54939212836325e-05,1.9379664081498e-05,89.9034881591797,131.34407043457
-14.762640953064,37.7516670227051,211.536209106445,246.197555541992,87.2709579467773,266.420745849609,226.298843383789,109.864051818848,47.8816223144531,16.1348400115967,4.44220531790052e-05,0.00276936986483634,0.0014061137335375,11.725830078125,13.4905519485474,4.93014812469482,1.14597582817078,6.92977919243276e-05,2.91416999971261e-05,61.532398223877,49.4436645507812
16.1841430664062,24.336763381958,257.123596191406,137.08283996582,57.2472152709961,121.935913085938,240.939437866211,20.1004467010498,56.909122467041,2.58673453330994,0.000101293866464403,0.000327852641930804,0.000841004657559097,8.95168876647949,15.8689517974854,3.32625603675842,0.389333963394165,7.4450799729675e-05,2.18672776099993e-05,136.654266357422,192.943771362305
25.0209808349609,24.3724098205566,257.002502441406,143.833541870117,66.1851654052734,137.681030273438,231.9814453125,83.0863723754883,44.6050567626953,8.59252548217773,4.13783818657976e-05,0.00151035061571747,0.00270386459305882,21.0788154602051,11.9552431106567,3.27726888656616,0.411076903343201,2.85093046841212e-05,2.53083617280936e-05,110.099906921387,163.376388549805
6.91013622283936,26.8640308380127,248.535247802734,106.798263549805,47.7020263671875,95.4131088256836,241.625137329102,51.490837097168,71.4646606445312,0.970711648464203,9.96004673652351e-05,0.00195562653243542,0.00110047240741551,12.7170457839966,17.4536991119385,3.66940569877625,0.322932243347168,4.17436349380296e-05,4.44679535576142e-05,153.564270019531,198.364791870117
11.7639579772949,26.4896659851074,249.807495117188,90.814697265625,17.6130409240723,90.5807418823242,238.043502807617,31.3868846893311,42.7971954345703,1.58580231666565,9.53035705606453e-05,0.000420243683038279,0.00105537672061473,10.6489181518555,16.3524055480957,3.19987607002258,0.251946985721588,4.18073032051325e-05,2.36451414821204e-05,120.015464782715,164.189147949219
8.80000400543213,27.4414443969727,246.57307434082,73.5427474975586,17.3814125061035,52.2307777404785,237.773071289062,31.2397117614746,41.096248626709,0.644785106182098,0.000131898559629917,0.000377383985323831,0.00067511759698391,10.243275642395,20.2795352935791,4.94304513931274,0.257759690284729,6.66938576614484e-05,2.28114240599098e-05,139.250503540039,152.364379882812
16.9455471038818,24.3188591003418,257.184417724609,143.298721313477,60.3720550537109,153.164886474609,240.238891601562,32.1836624145508,53.8337860107422,2.12451863288879,8.34153979667462e-05,0.000320391554851085,0.000655831303447485,11.9239149093628,17.6635704040527,2.65834283828735,0.376893907785416,3.7074936699355e-05,2.33621958614094e-05,158.627807617188,204.594207763672
5.94874095916748,32.6740379333496,228.79133605957,111.434120178223,39.6250190734863,110.757904052734,222.84260559082,147.182998657227,87.166145324707,4.05267477035522,4.03587982873432e-05,0.00189187249634415,0.00109588366467506,21.0236320495605,13.2419748306274,3.76277685165405,0.20737624168396,4.21732620452531e-05,3.48114117514342e-05,66.9037551879883,54.4877624511719
13.0743846893311,25.0176391601562,254.809799194336,114.207138061523,25.6280422210693,89.1828689575195,241.735397338867,28.8560523986816,55.3177223205566,1.46332347393036,0.000107979009044357,0.00084170768968761,0.00378623395226896,3.83669948577881,16.6911392211914,4.34029293060303,0.287470579147339,6.28244379186071e-05,2.62845132965595e-05,82.3772354125977,127.948509216309
26.4267539978027,28.1575527191162,244.139572143555,75.4017944335938,15.6743469238281,75.9028625488281,217.712738037109,199.746154785156,144.772323608398,25.5508575439453,0.000392410700442269,0.00398950884118676,0.00470994645729661,48.5310478210449,12.5934190750122,5.50669145584106,0.217494010925293,3.59067198587582e-05,4.1903585952241e-05,79.1587371826172,91.1370697021484
14.5538034439087,27.1466903686523,247.574768066406,79.0088195800781,7.56169748306274,74.8939590454102,233.020874023438,65.8226318359375,34.0554618835449,2.10190320014954,4.12894514738582e-05,0.000569965515751392,0.00184836343396455,12.7809772491455,13.4260540008545,2.69867086410522,0.302284181118011,4.13498928537592e-05,2.07727225642884e-05,98.4973678588867,149.267013549805
5.53943157196045,28.579776763916,242.704696655273,73.3451080322266,48.2929077148438,63.3764457702637,237.165313720703,32.0509262084961,36.6805152893066,0.896585941314697,0.000102752666862216,0.000352487666532397,0.000816683634184301,9.07009601593018,18.8719272613525,3.54136657714844,0.30291759967804,2.40782865148503e-05,2.88758164970204e-05,116.96639251709,155.149673461914
4.39768266677856,31.8958759307861,231.435699462891,87.8666687011719,44.9421806335449,94.2989959716797,227.038116455078,107.996864318848,52.9154586791992,0.411486566066742,7.38818052923307e-05,0.000369494024198502,0.00132722803391516,14.626615524292,17.1853103637695,5.02850770950317,0.463130503892899,6.76389026921242e-05,2.39404507738072e-05,48.7893981933594,77.1099472045898
10.4726028442383,27.1823501586914,247.453552246094,69.3355178833008,14.2800912857056,61.7831611633301,236.980972290039,35.0692863464355,31.7159976959229,0.911630988121033,9.81438352027908e-05,0.000350300018908456,0.00103997602127492,11.3294343948364,17.8028354644775,4.22326803207397,0.217426061630249,6.81838355376385e-05,1.711161712592e-05,112.173347473145,141.211929321289
11.0459909439087,25.3090896606445,253.819396972656,105.637985229492,14.6362915039062,85.4083709716797,242.773376464844,51.0966949462891,60.457332611084,1.17831528186798,7.70206388551742e-05,0.00260128104127944,0.00146087654866278,13.4359264373779,15.6393508911133,1.82411253452301,0.294603168964386,8.0437574069947e-05,4.94220694235992e-05,127.188499450684,169.650421142578
3.48247075080872,33.7783470153809,225.03857421875,136.658508300781,58.9380798339844,129.054107666016,221.556137084961,150.657913208008,84.982177734375,20.2082901000977,5.64144538657274e-05,0.00272225961089134,0.00393713405355811,18.4718246459961,11.2636804580688,2.28553509712219,0.63664984703064,3.25585569953546e-05,2.74131034530001e-05,41.7730331420898,54.6522979736328
16.0879764556885,25.3165893554688,253.793853759766,125.033378601074,19.8914012908936,105.376113891602,237.705963134766,36.5354881286621,43.9921836853027,1.45768284797668,9.89082109299488e-05,0.00131327775307,0.000684398342855275,11.9583387374878,18.9006309509277,2.91474914550781,0.36060619354248,4.04303318646271e-05,2.0848352505709e-05,146.552719116211,196.325073242188
15.4189558029175,28.1063938140869,244.313446044922,66.2840270996094,31.5974826812744,51.4256477355957,228.894454956055,97.6500015258789,50.2519035339355,3.79979801177979,2.01805305550806e-05,0.00170770613476634,0.00130809878464788,15.0503816604614,11.5418252944946,3.10828924179077,0.318799078464508,3.72216163668782e-05,2.72929846687475e-05,68.571891784668,113.894607543945
3.59520483016968,29.3716468811035,240.013748168945,76.2855529785156,17.8032531738281,88.7595596313477,236.418502807617,41.3667335510254,34.7833290100098,0.526818215847015,0.000108248801552691,0.000971257220953703,0.00250155804678798,8.32416725158691,18.8360576629639,6.39065599441528,0.243246585130692,7.41161857149564e-05,2.14441897696815e-05,90.787109375,127.874610900879
22.8644790649414,27.71923828125,245.62907409668,145.404144287109,50.3432998657227,149.894500732422,222.764556884766,189.227813720703,124.403121948242,25.6637878417969,0.000349159614415839,0.00448280666023493,0.00400885939598083,38.5800285339355,12.3351535797119,4.04202699661255,0.365316092967987,4.91382306790911e-05,4.11344772146549e-05,114.775978088379,164.762908935547
19.8565082550049,26.1768436431885,250.870513916016,114.338035583496,41.6494827270508,110.0341796875,231.014022827148,96.1083679199219,58.1512260437012,4.87921190261841,2.7617108571576e-05,0.00124095089267939,0.00163159484509379,17.6839065551758,13.686695098877,2.45420360565186,0.348718732595444,3.02075204672292e-05,2.43919203057885e-05,118.746925354004,170.890991210938
24.4697303771973,22.5815868377686,263.088104248047,181.541076660156,71.4364166259766,162.136993408203,238.618423461914,43.3183288574219,43.7252388000488,2.49958276748657,9.394962398801e-05,0.000447696045739576,0.00481987418606877,11.7407569885254,17.2581634521484,3.61875915527344,0.410375446081161,6.58887875033543e-05,2.85660007648403e-05,92.540901184082,152.232513427734
17.6374607086182,24.062629699707,258.055206298828,154.334762573242,72.8857040405273,146.997360229492,240.417694091797,30.3713073730469,52.1691055297852,1.75456237792969,0.000110352142655756,0.000338536279741675,0.000752437044866383,11.789213180542,18.861665725708,2.72779488563538,0.409056752920151,7.75932203396223e-05,1.69850991369458e-05,133.764434814453,178.952499389648
23.5668315887451,22.4955730438232,263.380432128906,187.190155029297,97.6735610961914,188.831497192383,239.81364440918,32.3805084228516,50.0133171081543,4.00835561752319,5.34259379492141e-05,0.000887106638401747,0.0041646626777947,13.4163188934326,13.76109790802,2.66065001487732,0.428736537694931,8.38774285512045e-05,2.44503062276635e-05,123.38737487793,196.640960693359
16.9560985565186,26.3759613037109,250.193893432617,85.5360107421875,12.0158815383911,65.9665222167969,233.237731933594,61.4521331787109,26.0774517059326,2.05676531791687,5.35609906364698e-05,0.000813304155599326,0.000754325999878347,11.0557231903076,14.6334476470947,2.49033212661743,0.279835283756256,5.21987349202391e-05,1.74669621628709e-05,80.4623565673828,135.693328857422
9.70480060577393,28.4102382659912,243.280807495117,51.8607749938965,29.1377735137939,36.1479301452637,233.576095581055,59.9549865722656,24.7889041900635,1.69632244110107,4.76308778161183e-05,0.000358834309736267,0.00143882073462009,12.5571594238281,15.5811710357666,3.23691534996033,0.332924008369446,4.11765613534953e-05,1.67351208801847e-05,84.5924682617188,122.808349609375
0.38997820019722,32.6184310913086,228.980316162109,107.554489135742,55.8779602050781,122.445411682129,228.590347290039,94.6622314453125,48.0943450927734,0.817450046539307,3.0539114959538e-05,0.000602758314926177,0.00114639615640044,15.6101722717285,14.4067554473877,3.92826819419861,0.311779320240021,6.13226002315059e-05,2.26616411964642e-05,47.4456901550293,43.415843963623
27.8454360961914,21.055061340332,268.275726318359,221.343887329102,104.360061645508,201.420913696289,240.430252075195,38.511173248291,50.7313232421875,4.86241054534912,5.70266201975755e-05,0.00115028105210513,0.00225005741231143,10.100564956665,12.8361291885376,4.51077032089233,0.438041001558304,6.5559746872168e-05,2.27592900046147e-05,105.752151489258,183.223327636719
29.9437561035156,25.8365898132324,252.026779174805,128.584976196289,62.9905891418457,120.669281005859,222.083068847656,171.199890136719,126.784934997559,9.83998966217041,0.000263321533566341,0.00353582203388214,0.00280597386881709,39.8741874694824,13.8295545578003,6.43063735961914,0.405801773071289,3.02587650367059e-05,5.36509505764116e-05,84.4006881713867,115.967132568359
10.6807231903076,28.5419692993164,242.833206176758,74.0427856445312,49.844554901123,55.7434577941895,232.152404785156,67.704345703125,28.3321495056152,1.30460286140442,7.16523645678535e-05,0.000531669589690864,0.000659965444356203,12.3423433303833,15.0559415817261,3.30613994598389,0.458211749792099,4.91201826662291e-05,1.71688479895238e-05,80.3378829956055,126.257926940918
15.0579328536987,26.5790023803711,249.503875732422,94.3838500976562,21.5890159606934,69.1632308959961,234.445983886719,51.7555084228516,23.7760238647461,1.05204749107361,4.51133710157592e-05,0.000342929444741458,0.00109889230225235,12.6958465576172,14.9546070098877,2.49019479751587,0.316358536481857,4.08258893003222e-05,1.81422146852128e-05,78.1093826293945,146.349411010742
5.2451057434082,30.6515369415283,235.664337158203,74.5587539672852,18.7617511749268,95.9684600830078,230.419219970703,87.375732421875,39.4111099243164,0.435179442167282,7.53189669921994e-05,0.00170415733009577,0.00443124398589134,7.85185623168945,15.4298667907715,5.05086088180542,0.224068582057953,6.41197184449993e-05,3.76698590116575e-05,46.1528739929199,59.8200759887695
4.04750394821167,29.6812229156494,238.961715698242,70.5382690429688,22.4926834106445,77.4540710449219,234.914199829102,51.9877662658691,29.9509544372559,0.430321395397186,0.000124607977340929,0.000369220710126683,0.000773280917201191,13.4927520751953,21.5018577575684,6.13536643981934,0.247816994786263,6.59252909827046e-05,1.81674058694625e-05,92.402946472168,121.73323059082
22.1008167266846,23.9207935333252,258.537139892578,145.401641845703,51.6963958740234,140.628829956055,236.436294555664,52.3565673828125,38.5055656433105,3.18605995178223,1.52345310198143e-05,0.000354050629539415,0.00188280257862061,12.7137489318848,15.8311672210693,2.85134720802307,0.346520990133286,3.37626879627351e-05,2.23064307647292e-05,142.816970825195,191.000686645508
24.490665435791,19.9418029785156,272.058807373047,246.420471191406,110.270683288574,229.182083129883,247.568084716797,64.1104736328125,96.0459518432617,3.37527894973755,0.000101736572105438,0.00238971738144755,0.00133004016242921,11.7107343673706,16.4574584960938,3.03524422645569,0.431600451469421,2.35383649851428e-05,3.61546553904191e-05,184.300003051758,261.867340087891
12.1107702255249,24.2501754760742,257.417877197266,134.700942993164,22.942590713501,123.576614379883,245.307037353516,49.1921882629395,83.5914306640625,1.48287427425385,0.000114657785161398,0.00253128772601485,0.000806865282356739,9.87809371948242,19.3243522644043,3.28393340110779,0.276757448911667,3.85247440135572e-05,3.43113570124842e-05,154.046905517578,214.43994140625
18.1583728790283,22.9081420898438,261.978363037109,168.402526855469,44.6258583068848,155.543075561523,243.820083618164,37.4875946044922,67.5112075805664,2.94325423240662,0.000125683902297169,0.0004952970193699,0.000824579445179552,7.49841070175171,16.5511817932129,2.43084263801575,0.362469613552094,2.77670606010361e-05,2.382604907325e-05,172.859603881836,226.498550415039
10.7844085693359,28.6844367980957,242.349044799805,45.7073707580566,20.6402893066406,39.4323348999023,231.564651489258,71.9572219848633,22.6082458496094,0.52483993768692,7.93672588770278e-05,0.000785120064392686,0.000948963279370219,13.2222270965576,16.5018692016602,5.32767963409424,0.407480239868164,6.03222761128563e-05,2.32425045396667e-05,79.2255630493164,115.777481079102
6.44643497467041,28.3021717071533,243.64811706543,104.24341583252,55.9242706298828,83.185791015625,237.201690673828,36.8598251342773,50.032112121582,0.771198689937592,9.94202418951318e-05,0.000868892413564026,0.00108739617280662,7.27829360961914,17.9713191986084,5.42958164215088,1.1016685962677,8.21861976874061e-05,2.21930004045134e-05,110.50407409668,157.489196777344
6.97331047058105,27.0887889862061,247.771469116211,73.6052398681641,9.02067184448242,60.0918960571289,240.798156738281,23.8243675231934,68.7669982910156,0.467508375644684,0.000125148872029968,0.000522084475960582,0.00243502762168646,12.2643918991089,20.3386898040771,6.9311318397522,0.296008944511414,7.39690731279552e-05,2.09593035833677e-05,124.384605407715,156.999282836914
7.17686605453491,29.9454116821289,238.063934326172,67.6314697265625,55.0470085144043,56.7122611999512,230.887100219727,76.1710891723633,29.6685447692871,1.07699000835419,6.27910194452852e-05,0.000495754124131054,0.000875442929100245,14.5967121124268,15.3297147750854,3.24247789382935,0.53824508190155,3.47779896401335e-05,2.27138716581976e-05,83.951545715332,119.762649536133
1.79639136791229,30.8931560516357,234.843246459961,92.4544525146484,13.1306009292603,105.888916015625,233.046936035156,65.1787796020508,28.3747501373291,1.12084150314331,0.000106948806205764,0.000679212331306189,0.00594078795984387,10.5647172927856,18.9637012481689,4.70482397079468,0.228571519255638,6.82650861563161e-05,2.40482859226177e-05,55.707893371582,85.3804168701172
5.19215154647827,26.6341781616211,249.316390991211,107.772087097168,41.0465431213379,100.181449890137,244.124221801758,60.3749885559082,79.5636749267578,1.11619186401367,0.000113654990855139,0.00199222844094038,0.00102883309591562,8.55437469482422,17.6440753936768,3.05978775024414,0.26284322142601,3.65001105819829e-05,4.02094774472062e-05,147.792694091797,200.818252563477
12.0777835845947,25.3616008758545,253.640914916992,118.112205505371,12.7087287902832,113.557708740234,241.563171386719,31.0124034881592,60.3365020751953,1.1117570400238,0.000109011511085555,0.00188412587158382,0.000518271757755429,7.78723001480103,19.7972278594971,3.84102749824524,0.305336713790894,2.49974582402501e-05,2.60737142525613e-05,162.885452270508,211.158798217773
9.31904029846191,27.1046733856201,247.717559814453,85.9382858276367,22.5770454406738,65.2133407592773,238.398513793945,27.4484176635742,55.856861114502,0.39255079627037,0.00011185894254595,0.000427072722231969,0.00110748421866447,10.7396125793457,22.0922889709473,6.69000864028931,0.323290675878525,5.49905489606317e-05,1.70880957739428e-05,119.566802978516,175.158248901367
13.3002786636353,27.9095115661621,244.982467651367,57.2413368225098,20.5108089447021,51.4067268371582,231.682205200195,68.774528503418,28.6364555358887,2.96615242958069,1.93170817510691e-05,0.000344627100275829,0.00243604532442987,14.1437177658081,13.5664949417114,2.22774958610535,0.264514774084091,2.99545463349205e-05,2.41186535276938e-05,69.6282501220703,115.060455322266
23.0570449829102,21.6457538604736,266.268371582031,201.819259643555,72.259521484375,184.368927001953,243.211318969727,37.2281150817871,68.8554916381836,2.40786814689636,9.32861148612574e-05,0.00154219230171293,0.00111649208702147,11.2501783370972,17.3289585113525,3.52448606491089,0.38698336482048,3.87994441553019e-05,2.12579270737479e-05,177.862396240234,230.243743896484
10.3111877441406,26.568920135498,249.538131713867,103.15454864502,31.6778354644775,83.2839965820312,239.226928710938,29.3846569061279,52.0239372253418,0.566121578216553,0.000100335397291929,0.000393971538869664,0.000772236671764404,8.7227144241333,17.4684886932373,5.22251796722412,0.388522088527679,7.17765360604972e-05,1.8849304979085e-05,105.911750793457,169.527816772461
7.44033718109131,29.0458889007568,241.120742797852,60.7943649291992,37.8804931640625,52.8791084289551,233.680450439453,57.5648040771484,21.3170528411865,0.396404415369034,0.000111181449028663,0.000538869993761182,0.00143057899549603,11.7588939666748,19.1289443969727,5.85427665710449,0.763942360877991,6.562439375557e-05,2.30932237172965e-05,102.04012298584,137.849090576172
18.3653774261475,24.8199691772461,255.481536865234,127.806327819824,40.1125717163086,125.879119873047,237.116226196289,42.4199371337891,37.7489738464355,1.63558006286621,9.0235196694266e-05,0.000370407098671421,0.0006148018874228,12.8818273544312,17.8817501068115,3.63668966293335,0.34007665514946,4.02432669943664e-05,1.528702887299e-05,133.177154541016,189.632720947266
12.0328168869019,25.6302947998047,252.727844238281,135.058349609375,54.4569549560547,126.023429870605,240.69499206543,31.9547863006592,55.7754859924316,0.822414815425873,0.000125573307741433,0.00130763230845332,0.000751970219425857,11.2644062042236,20.1915988922119,2.81514048576355,0.356354713439941,7.47001977288164e-05,2.15177242353093e-05,150.832077026367,199.078018188477
15.567193031311,26.3649940490723,250.23112487793,95.7248840332031,14.6541719436646,85.4176864624023,234.663925170898,49.1091270446777,24.5317420959473,1.60813796520233,5.29993485542946e-05,0.00154330849181861,0.00106942967977375,14.1433687210083,17.1077156066895,2.44642996788025,0.292572498321533,2.75285146926763e-05,2.42367696046131e-05,105.683639526367,170.950012207031
-9.99653148651123,36.1586303710938,216.949768066406,202.743911743164,87.9853668212891,197.022933959961,226.9462890625,103.602844238281,51.4423866271973,6.08117198944092,1.26734194054734e-05,0.00071537890471518,0.0026801535859704,16.3262157440186,13.2551746368408,2.55431938171387,0.770079910755157,2.26236807066016e-05,3.48983230651356e-05,61.4239730834961,34.8252792358398
6.8578519821167,29.1273593902588,240.843887329102,45.7111358642578,27.5885467529297,31.6166324615479,233.986068725586,53.4235153198242,18.3195018768311,1.57314264774323,3.68739383702632e-05,0.000481737108202651,0.000727609964087605,15.7073345184326,13.5971832275391,2.59133434295654,0.172650396823883,7.36824149498716e-05,2.11123096960364e-05,60.0984725952148,95.1863632202148
20.8187694549561,24.2494850158691,257.420196533203,141.261535644531,53.6356582641602,127.142868041992,236.601364135742,44.4618225097656,34.0958099365234,2.13422608375549,6.49322028039023e-05,0.000932852388359606,0.000674278824590147,12.1388273239136,14.88547706604,4.13474607467651,0.388067156076431,4.97717119287699e-05,1.89707407116657e-05,118.95166015625,167.272415161133
15.7563257217407,26.944845199585,248.260665893555,74.1536331176758,22.1850681304932,63.0292816162109,232.504333496094,65.5108184814453,24.5417804718018,3.63840818405151,4.28245512011927e-05,0.00258452980779111,0.00141734979115427,12.7938194274902,12.5355968475342,2.9569935798645,0.333452939987183,5.62562709092163e-05,2.537607542763e-05,91.8014144897461,125.021759033203
7.24131870269775,27.1851234436035,247.444122314453,88.4979705810547,34.1919250488281,71.3701858520508,240.202835083008,33.0748863220215,56.4023666381836,0.865884780883789,0.000121670411317609,0.00087027478730306,0.00096331856912002,9.88713932037354,17.9021739959717,3.12656092643738,0.292931795120239,5.91577481827699e-05,3.32989620801527e-05,140.942504882812,176.248031616211
17.5064811706543,23.9271850585938,258.515441894531,142.008407592773,41.7316360473633,133.626312255859,241.009033203125,25.1033096313477,52.6908378601074,3.05531311035156,7.14703273843043e-05,0.000768175581470132,0.0019998976495117,10.5023488998413,14.9750747680664,2.63276052474976,0.343119531869888,2.42882942984579e-05,2.40630106418394e-05,137.2177734375,189.109970092773
6.20711612701416,28.663257598877,242.421035766602,52.2971611022949,29.2042407989502,42.2240104675293,236.2138671875,36.0810890197754,32.5913505554199,0.480146467685699,0.000121205230243504,0.000521674694027752,0.000824291200842708,10.0817546844482,20.3378734588623,5.93896055221558,0.240484699606895,6.5078231273219e-05,1.76631347130751e-05,103.54817199707,130.082260131836
15.7981653213501,25.5991153717041,252.833786010742,101.32967376709,12.8194284439087,84.7515182495117,237.035568237305,33.2260551452637,31.950927734375,2.91122460365295,6.43400198896416e-05,0.000379466568119824,0.00241785263642669,11.5631113052368,13.6479711532593,2.33675050735474,0.26904571056366,3.21761654049624e-05,2.67078194156056e-05,115.749214172363,152.706649780273
7.3253583908081,27.9156742095947,244.961563110352,64.1164855957031,5.49130535125732,63.7873420715332,237.636093139648,32.1360778808594,32.8999328613281,0.75193864107132,0.000130910833831877,0.000307213660562411,0.00223715370520949,9.01330852508545,19.4551887512207,3.27736234664917,0.256846606731415,4.76369823445566e-05,3.24442116834689e-05,78.2711868286133,117.279418945312
0.717564940452576,29.8432922363281,238.410980224609,84.4711837768555,61.9021835327148,64.9505920410156,237.693328857422,42.7347946166992,41.3654022216797,1.25886082649231,9.17088254936971e-05,0.00207838998176157,0.0017398598138243,12.1999654769897,15.8710594177246,3.73600101470947,0.211112961173058,3.6567376810126e-05,4.464801895665e-05,137.445373535156,146.535507202148
13.0761432647705,25.5675525665283,252.941055297852,106.851211547852,18.097204208374,82.7924194335938,239.864898681641,24.6215763092041,45.786262512207,0.806153237819672,7.38130111130886e-05,0.000428850384196267,0.00149636343121529,8.99860286712646,15.0693407058716,3.92470407485962,0.28079029917717,8.6925268988125e-05,2.14067822525976e-05,119.194152832031,171.763519287109
22.3464450836182,24.3429622650146,257.1025390625,147.335494995117,55.3435401916504,146.885437011719,234.756164550781,89.0686721801758,58.2033042907715,8.3441801071167,0.000143146826303564,0.00208259280771017,0.00221557007171214,25.7479610443115,21.5026588439941,4.75424957275391,0.376231104135513,8.53360470500775e-05,3.41353552357759e-05,167.163711547852,200.150787353516
7.62776136398315,27.4247608184814,246.629760742188,68.2715606689453,14.0766735076904,60.6227111816406,239.002044677734,24.8462390899658,54.3402671813965,0.55979460477829,0.000117781899461988,0.000505486561451107,0.000536011764779687,9.65819454193115,19.7990913391113,5.07138633728027,0.245938137173653,6.98553267284296e-05,2.06022505153669e-05,124.664405822754,166.630126953125
28.9123458862305,24.2477588653564,257.426116943359,149.29655456543,72.7408294677734,129.943237304688,228.513671875,107.893989562988,63.9952926635742,14.5596876144409,0.000113810943730641,0.00231019267812371,0.00374725786969066,27.3006401062012,11.131067276001,5.95503330230713,0.423090249300003,2.61646728176856e-05,3.18452403007541e-05,96.4858169555664,153.108917236328
18.3392677307129,24.3519840240479,257.071868896484,133.123825073242,22.7572765350342,132.599716186523,238.732620239258,29.5450668334961,34.8919296264648,3.17160844802856,2.41649049712578e-05,0.00170929497107863,0.00171703472733498,16.0580177307129,13.5604200363159,2.30966591835022,0.321447759866714,4.51591222372372e-05,2.39072269323515e-05,122.65885925293,190.050369262695
12.5613584518433,27.2337493896484,247.278930664062,82.0050277709961,7.08918333053589,69.4018402099609,234.717483520508,57.1886863708496,30.2705192565918,1.31434774398804,5.35296276211739e-05,0.000771000457461923,0.000885797722730786,10.1694221496582,13.6344537734985,4.13233757019043,0.259916841983795,5.59096115466673e-05,2.27117743634153e-05,143.999908447266,155.090057373047
9.65782642364502,27.0481624603271,247.909515380859,85.7268981933594,30.4330272674561,68.5112152099609,238.251724243164,30.9617958068848,41.0667953491211,0.942907810211182,0.000100264893262647,0.000647587585262954,0.00121468887664378,10.6264362335205,19.1817665100098,3.16877365112305,0.328406572341919,4.22844423155766e-05,3.28305141010787e-05,143.37190246582,180.681198120117
13.1061487197876,26.4311065673828,250.006454467773,93.9981994628906,29.5067291259766,84.7761383056641,236.900344848633,42.975154876709,35.5197792053223,1.15677392482758,0.000117806339403614,0.000400730496039614,0.00260589877143502,12.6216373443604,20.7722110748291,2.72234153747559,0.319249987602234,7.35009816708043e-05,2.49002296186518e-05,97.9866638183594,140.789154052734
8.98579692840576,26.5683650970459,249.539978027344,98.2196960449219,22.5211086273193,72.5654678344727,240.554229736328,26.5365829467773,59.562385559082,0.534882605075836,0.000130751912365668,0.000354551011696458,0.00107378768734634,8.66324996948242,20.5480880737305,4.9276647567749,0.37476658821106,7.83794966991991e-05,1.92322677321499e-05,130.038787841797,180.105560302734
23.8537254333496,25.5613746643066,252.962036132812,104.966262817383,14.552770614624,88.3136520385742,229.108276367188,98.9819488525391,59.312816619873,4.46205711364746,5.67474235140253e-05,0.00115598447155207,0.00204919883981347,24.7975215911865,11.8192491531372,2.9115207195282,0.307699769735336,4.67612808279227e-05,2.79293526546098e-05,84.9514083862305,124.86058807373
22.22239112854,20.9825801849365,268.52197265625,218.114151000977,75.3557815551758,196.18196105957,246.299621582031,55.0967559814453,100.232208251953,1.77393794059753,0.000115660492156167,0.000330249138642102,0.00165442063007504,10.2574224472046,18.0095729827881,4.28783464431763,0.398181617259979,7.10500171408057e-05,1.9354421965545e-05,154.001602172852,241.519592285156
14.2887659072876,25.0460796356201,254.713119506836,145.709686279297,21.5289726257324,120.73908996582,240.424438476562,46.758602142334,78.5552062988281,1.10870718955994,8.14012964838184e-05,0.000919535930734128,0.000616139092016965,10.9983377456665,19.7067813873291,3.89379692077637,0.417338907718658,5.283266727929e-05,2.31836984312395e-05,176.960250854492,219.755020141602
24.7211360931396,33.1707572937012,227.10334777832,194.3134765625,14.4297018051147,206.923782348633,202.382171630859,351.610015869141,262.994506835938,73.1957702636719,0.00198091007769108,0.0125146852806211,0.00825852062553167,95.2584533691406,16.4482879638672,6.94584846496582,0.202909499406815,0.000111498520709574,6.86738130752929e-05,97.1807708740234,105.408317565918
-0.306401044130325,32.9776840209961,227.759475708008,132.96955871582,60.1650505065918,131.425079345703,228.065887451172,99.0580978393555,43.7149848937988,1.5695788860321,7.82280112616718e-05,0.00097459607059136,0.000979949138127267,8.660719871521,15.802638053894,3.26153779029846,0.329254001379013,4.72204555990174e-05,1.94817930605495e-05,59.5166435241699,86.1551513671875
25.0678443908691,21.5625991821289,266.550964355469,203.191513061523,72.6833267211914,175.247619628906,241.483093261719,32.9013519287109,57.0860862731934,1.79852819442749,9.26477805478498e-05,0.000969888060353696,0.00214864802546799,10.0784254074097,15.9319438934326,4.69909191131592,0.425577729940414,5.79152365389746e-05,2.54127917287406e-05,131.954071044922,186.645874023438
24.8047161102295,24.6414394378662,256.088226318359,133.160385131836,64.1034622192383,113.042411804199,231.283554077148,85.2095413208008,44.6076507568359,5.9606294631958,3.0014723961358e-05,0.000872638483997434,0.0032899733632803,19.0984745025635,12.8322238922119,2.9576997756958,0.393802791833878,2.51420806307578e-05,2.8762851798092e-05,90.9748229980469,143.20719909668
-6.08552312850952,32.0253105163574,230.995880126953,106.012214660645,77.7357025146484,82.3497085571289,237.081390380859,39.351188659668,39.2553825378418,0.645943462848663,0.000146461316035129,0.00172326946631074,0.000892100506462157,7.84276008605957,22.8875370025635,5.70334005355835,1.59268808364868,4.02449877583422e-05,3.78404620278161e-05,124.377418518066,144.189544677734
10.3877067565918,25.5398387908936,253.035217285156,110.597808837891,9.37289428710938,95.7463073730469,242.647521972656,40.7982444763184,64.4427490234375,0.642004609107971,0.000114195107016712,0.00267160125076771,0.000919171841815114,9.125657081604,19.6133232116699,3.29957246780396,0.275487244129181,4.74627668154426e-05,3.93049376725685e-05,165.948608398438,208.828231811523
3.28054356575012,30.7028827667236,235.489852905273,84.5136337280273,61.4028549194336,81.7160568237305,232.209243774414,63.7972679138184,18.3047924041748,0.722047030925751,7.51015031710267e-05,0.000408624968258664,0.00108883425127715,12.506833076477,17.9183979034424,4.22310543060303,0.843033909797668,5.3065024985699e-05,2.48548331001075e-05,92.2556304931641,132.445602416992
17.2032470703125,23.5393371582031,259.83349609375,152.95263671875,40.0192527770996,145.043472290039,242.630187988281,34.0177116394043,63.4613876342773,2.18574261665344,9.41376201808453e-05,0.00122200814075768,0.000941121426876634,12.0658006668091,18.578914642334,2.36734390258789,0.319176614284515,2.08789169846568e-05,3.03415308735566e-05,139.27262878418,201.269378662109
6.72631692886353,27.3053760528564,247.035446166992,94.6489944458008,47.2415237426758,102.854560852051,240.309158325195,44.9094543457031,59.5709037780762,0.823530197143555,9.84956932370551e-05,0.00242001726292074,0.00130725384224206,11.0257043838501,17.1963481903076,2.776939868927,0.406526505947113,3.70446650777012e-05,3.70965535694268e-05,150.893264770508,207.591918945312
14.0687980651855,26.6692962646484,249.197021484375,150.800735473633,81.6877899169922,154.608001708984,235.128219604492,71.3799667358398,54.7588424682617,1.67945337295532,0.000108484229713213,0.000624017266090959,0.00594220962375402,13.9015121459961,20.9298572540283,4.08203744888306,0.407773673534393,7.26383877918124e-05,3.05585454043467e-05,66.0235366821289,116.30948638916
29.0085201263428,25.0143947601318,254.820816040039,144.857711791992,75.3213806152344,137.283615112305,225.812271118164,141.959320068359,96.9453506469727,11.6013422012329,0.000152478984091431,0.00144990417174995,0.00349724013358355,27.2819576263428,11.1118717193604,3.68432211875916,0.425878763198853,2.79851992672775e-05,3.27533816744108e-05,96.9226379394531,157.536468505859
21.7300338745117,23.5293216705322,259.867492675781,156.83561706543,62.4752464294434,146.28271484375,238.137466430664,37.7787094116211,40.1586303710938,2.69301915168762,8.30798380775377e-05,0.000443214812548831,0.00083435483975336,14.0424566268921,14.9952507019043,2.86833643913269,0.404593408107758,6.40036014374346e-05,1.7846932678367e-05,116.990852355957,177.928207397461
17.3289680480957,24.1911125183105,257.618560791016,146.486145019531,70.4155349731445,143.117706298828,240.289581298828,28.3773174285889,55.1389541625977,4.33919525146484,0.000109688124211971,0.0031655456405133,0.00230901944451034,12.1304578781128,20.5666389465332,3.17514896392822,0.419720977544785,8.14624363556504e-05,2.2712760255672e-05,177.573104858398,213.39387512207
-11.9382028579712,34.4194221496582,222.860076904297,167.781036376953,78.3410034179688,177.50471496582,234.798263549805,50.8642196655273,32.6697158813477,4.1730318069458,0.000100435572676361,0.00109117955435067,0.000990395317785442,13.516583442688,15.9225301742554,5.68335103988647,0.918373286724091,8.25304159661755e-05,3.15189790853765e-05,55.1986083984375,52.6552696228027
3.4562041759491,28.8466014862061,241.797943115234,75.926513671875,44.1279296875,58.2052116394043,238.341796875,28.1961841583252,44.6419448852539,0.598688304424286,0.000112404966785107,0.000319899787427858,0.000588673981837928,9.998703956604,19.5446224212646,5.68601989746094,0.449323117733002,5.8928690123139e-05,2.1033101802459e-05,104.640579223633,144.826354980469
14.7908582687378,30.242073059082,237.055801391602,72.110710144043,30.1291675567627,78.8557815551758,222.264923095703,153.446029663086,101.164833068848,11.0981616973877,0.000122984230984002,0.002659120131284,0.00257591740228236,24.2996501922607,11.543607711792,2.33521008491516,0.288276821374893,3.2519455999136e-05,3.43691644957289e-05,64.7048263549805,88.9331588745117
15.2989158630371,30.3847751617432,236.570846557617,63.3075103759766,37.6280059814453,76.7188262939453,221.271896362305,163.33154296875,102.824340820312,14.4718713760376,0.000142935881740414,0.0033375364728272,0.00328250671736896,32.1916427612305,11.6346950531006,3.35706973075867,0.225408300757408,2.92231743515003e-05,3.75957206415478e-05,75.4650344848633,86.7052230834961
4.72700309753418,31.5559959411621,232.590728759766,125.261772155762,18.6236400604248,135.86799621582,227.863754272461,113.472747802734,67.2703170776367,0.855356872081757,4.070021896041e-05,0.00107268418651074,0.00661416770890355,12.1610469818115,17.2055225372314,3.1457245349884,0.1969323605299,5.74759833398275e-05,3.04423065244919e-05,49.3773574829102,66.5288009643555
5.32628965377808,29.1484394073486,240.772247314453,77.471549987793,25.3429145812988,78.6417541503906,235.445983886719,44.6720161437988,29.3407821655273,0.360051304101944,0.000101689467555843,0.00102039985358715,0.000642715371213853,9.89231204986572,19.1101894378662,4.55144596099854,0.293009728193283,7.4326089816168e-05,2.12900413316675e-05,119.690719604492,159.014541625977
19.5748252868652,25.3523712158203,253.672302246094,113.860771179199,40.2391662597656,100.926307678223,234.097503662109,57.6483345031738,31.6462574005127,3.26924133300781,8.82990480022272e-06,0.000759932096116245,0.00197870307601988,15.9992952346802,13.3018531799316,2.08966708183289,0.325058966875076,2.85665337287355e-05,2.07541597774252e-05,103.310447692871,167.540023803711
11.2690505981445,26.452320098877,249.934371948242,102.431564331055,22.4455184936523,92.5472412109375,238.665222167969,31.488260269165,49.4782791137695,3.57759022712708,0.000119820520922076,0.00110338139347732,0.00234398990869522,15.2125520706177,22.720287322998,4.95397710800171,0.283648788928986,8.38391060824506e-05,1.65913224918768e-05,108.71898651123,166.605178833008
10.9636754989624,27.2842044830322,247.107467651367,78.6760101318359,28.2768020629883,70.0656509399414,236.14372253418,37.9388046264648,24.3123950958252,0.995686829090118,8.41940345708281e-05,0.000344033498549834,0.000512744532898068,12.9197425842285,16.4648113250732,3.46595859527588,0.318261235952377,7.34228669898584e-05,1.76315879798494e-05,121.590225219727,160.380477905273
-14.7982912063599,36.6196975708008,215.38298034668,216.938720703125,91.8980255126953,217.404937744141,230.181213378906,79.3420181274414,23.5255756378174,4.80023670196533,8.56868355185725e-05,0.000952350324951112,0.00104503147304058,9.15245342254639,16.4529361724854,5.38055944442749,1.18787026405334,6.37904013274238e-05,4.14926398661919e-05,46.6360054016113,41.3878593444824
19.8431262969971,21.7180881500244,266.022521972656,198.476150512695,61.5156478881836,176.245635986328,246.179504394531,57.2843627929688,80.7725219726562,2.06369924545288,7.08003208274022e-05,0.00341044878587127,0.00118243275210261,10.4226894378662,15.6997632980347,2.05694031715393,0.386892348527908,5.48758944205474e-05,3.75543932022993e-05,150.295532226562,234.016952514648
23.5372352600098,23.9877395629883,258.309661865234,145.772018432617,51.7566833496094,126.762351989746,234.772491455078,61.5636367797852,35.5686645507812,2.41132354736328,2.42735695792362e-05,0.000343172927387059,0.00153931591194123,13.2943477630615,14.3561019897461,3.10202169418335,0.355013847351074,3.93026421079412e-05,2.18185468838783e-05,95.7598571777344,169.117156982422
12.4243297576904,25.2283668518066,254.093658447266,111.113319396973,32.6534194946289,92.4386215209961,241.669479370117,30.1946678161621,64.8274459838867,7.04932689666748,0.000138569812406786,0.000697573064826429,0.00697666220366955,12.5817089080811,23.4651184082031,4.84979104995728,0.309515833854675,7.01877797837369e-05,1.96308301383397e-05,81.4282760620117,123.533645629883
12.9422397613525,26.2384452819824,250.661209106445,100.119209289551,22.021448135376,81.8936233520508,237.718948364258,34.8862266540527,34.0264701843262,0.889453768730164,7.4328672781121e-05,0.00279543595388532,0.000899078382644802,12.3658418655396,17.5905208587646,2.56423950195312,0.28039613366127,2.04528460017173e-05,2.76324335573008e-05,118.838859558105,167.813903808594
9.24935245513916,31.6616592407227,232.231643676758,94.9822006225586,47.8936996459961,105.71467590332,222.982299804688,144.952926635742,86.8526306152344,9.45108985900879,2.73254918283783e-05,0.00267855636775494,0.00211981544271111,15.4815788269043,11.4858846664429,2.8620970249176,0.389059156179428,4.55644185421988e-05,2.97728129226016e-05,59.9815063476562,85.5991744995117
11.8897390365601,27.6255931854248,245.947311401367,67.1604385375977,21.0183544158936,66.0852279663086,234.057540893555,53.8376770019531,17.8111400604248,4.09461164474487,3.75642957806122e-05,0.000829430762678385,0.00192439707461745,12.1454029083252,14.0829219818115,3.30521869659424,0.329820871353149,4.90035381517373e-05,2.73151672445238e-05,60.0008811950684,92.4497222900391
22.8963661193848,20.105037689209,271.504150390625,243.227310180664,113.362983703613,228.328079223633,248.60774230957,72.687614440918,101.080146789551,3.56047296524048,0.000103706173831597,0.00364244403317571,0.00145251047797501,10.8798418045044,17.2254943847656,3.31947445869446,0.447153657674789,3.62987520929892e-05,4.20372052758466e-05,178.731079101562,259.139678955078
13.038610458374,30.0959358215332,237.552398681641,85.5310668945312,7.16490983963013,109.376571655273,224.513793945312,131.039123535156,78.1133270263672,7.80633783340454,1.02152771432884e-05,0.00162534241098911,0.0019518673652783,16.7012977600098,13.3893022537231,2.18728470802307,0.257124722003937,4.17228948208503e-05,2.30945643124869e-05,55.0044479370117,84.9442596435547
11.8626461029053,29.8824310302734,238.277969360352,102.170051574707,29.4785308837891,126.288200378418,226.415344238281,117.088050842285,76.6914825439453,4.84299898147583,5.4682281188434e-05,0.000472252548206598,0.00366629660129547,22.0461845397949,11.2655906677246,3.39415621757507,0.268941283226013,3.39058096869849e-05,2.79034811683232e-05,51.3618621826172,75.2287826538086
6.81220769882202,29.3568496704102,240.064025878906,78.2528228759766,18.9129810333252,85.7300338745117,233.251831054688,61.9535446166992,25.0809440612793,0.56074321269989,0.000109394837636501,0.000377862656023353,0.000664308085106313,12.8307685852051,20.396614074707,4.02012300491333,0.242651790380478,6.50293222861364e-05,1.60047147801379e-05,103.754493713379,138.468490600586
12.9672784805298,26.6503753662109,249.261337280273,85.7120819091797,23.6106758117676,77.2947692871094,236.294052124023,37.6801414489746,26.7238750457764,0.638514220714569,0.000109007647552062,0.000401106459321454,0.000765941163990647,10.6936807632446,17.9828929901123,2.59910249710083,0.287817984819412,6.55806361464784e-05,2.10734142456204e-05,89.7485198974609,149.963470458984
6.22335863113403,29.6994895935059,238.899673461914,68.0247650146484,37.7487030029297,69.356575012207,232.676254272461,64.8981018066406,20.3815059661865,0.519407093524933,0.000104114653368015,0.00133643310982734,0.000933152448851615,8.21905136108398,17.7075233459473,6.13319396972656,0.355723321437836,5.44610775250476e-05,2.47701245825738e-05,105.853065490723,133.915664672852
5.13220691680908,27.1572532653809,247.538833618164,123.84912109375,60.7317047119141,111.598213195801,242.406631469727,69.2406997680664,81.6451950073242,0.648661851882935,0.000134503556182608,0.00341303064487875,0.000715001486241817,8.8862476348877,20.9656677246094,3.4592981338501,0.509839355945587,2.00527047127252e-05,4.8704125219956e-05,159.507873535156,207.652267456055
10.2789220809937,26.8738098144531,248.502044677734,84.2161178588867,10.2019596099854,74.3500289916992,238.223068237305,33.4061470031738,37.5383377075195,0.568207621574402,0.000116424816951621,0.000350614369381219,0.000811101170256734,12.2807989120483,18.1054458618164,4.78483438491821,0.271982878446579,7.51059924368747e-05,2.26641041081166e-05,123.922332763672,157.526458740234
17.4329280853271,24.4933338165283,256.591522216797,131.55876159668,24.1777763366699,126.296813964844,239.158630371094,30.8387031555176,43.5220031738281,2.1823091506958,8.53548044688068e-05,0.000541330082342029,0.00100412359461188,13.0878324508667,15.3484363555908,3.18881511688232,0.311311095952988,4.0238446672447e-05,1.96354394574882e-05,135.300521850586,185.709655761719
11.2165184020996,26.9375534057617,248.285415649414,76.2426605224609,9.0542459487915,48.9709358215332,237.068954467773,32.6531867980957,38.4916801452637,0.65239030122757,0.000101863181043882,0.00096181349363178,0.00279387785121799,11.4816913604736,19.8123016357422,5.32667303085327,0.268640637397766,5.79494917474221e-05,2.3848406272009e-05,108.721145629883,149.583267211914
-1.35639584064484,30.9554786682129,234.631469726562,97.1663436889648,73.9671020507812,84.7177429199219,235.987854003906,40.5227584838867,29.6821365356445,0.37681770324707,0.00011032322072424,0.00201349263079464,0.000850129697937518,9.9131965637207,20.9129695892334,5.21069145202637,1.10108852386475,3.37646415573545e-05,3.21987608913332e-05,127.596122741699,150.538467407227
17.5178813934326,23.1241874694824,261.244232177734,161.963500976562,47.8297843933105,131.80696105957,243.726333618164,37.3432426452637,78.0342712402344,1.14753675460815,0.000101224643003661,0.000834197213407606,0.000845268834382296,8.15807914733887,17.2113037109375,4.19060850143433,0.361085027456284,9.7651565738488e-05,2.57400952250464e-05,124.417289733887,191.443664550781
19.1040935516357,23.5965518951416,259.639038085938,149.852508544922,36.1686248779297,133.940338134766,240.534927368164,23.1112499237061,47.3695526123047,2.36787223815918,9.30586029426195e-05,0.000575921556446701,0.000986852101050317,11.2713451385498,16.5910606384277,2.38301920890808,0.355375111103058,3.21108891512267e-05,2.25693183892872e-05,117.96614074707,188.858520507812
9.41311836242676,26.1332340240479,251.01872253418,96.9570770263672,5.36475372314453,64.3095626831055,241.605560302734,30.9034366607666,63.3810920715332,5.6628360748291,0.000118848256533965,0.00056015292648226,0.00622983649373055,12.1971426010132,20.3523216247559,6.01490879058838,0.21225406229496,8.96168276085518e-05,2.3702177713858e-05,86.1053848266602,132.043182373047
10.0885553359985,28.2293357849121,243.895645141602,63.2552185058594,32.7436866760254,50.4551010131836,233.807098388672,53.7674903869629,23.8294200897217,1.34840106964111,2.32870424952125e-05,0.000735305715352297,0.00166189100127667,15.201171875,14.4620733261108,2.8181688785553,0.262958854436874,2.52407116931863e-05,3.19845348712988e-05,91.0908584594727,139.099212646484
2.21127390861511,29.0955390930176,240.952072143555,75.4468383789062,54.8578834533691,57.9839286804199,238.740753173828,32.5695266723633,42.9479141235352,0.764557480812073,0.000111115550680552,0.00114289671182632,0.00116188160609454,9.50890827178955,17.2379856109619,4.73534965515137,0.333998471498489,6.34442258160561e-05,3.74952469428536e-05,105.29907989502,130.608795166016
-14.0481119155884,33.520092010498,225.916259765625,134.830825805664,49.9542007446289,151.933013916016,239.964294433594,32.3604202270508,50.869815826416,0.698109686374664,0.000110629232949577,0.00229672691784799,0.000609050795901567,8.87145137786865,17.8226490020752,3.73885893821716,0.390531003475189,5.12370934302453e-05,5.29907301825006e-05,37.0628890991211,56.9852333068848
4.29816579818726,28.7250938415527,242.210891723633,89.3845672607422,58.8994140625,73.1459732055664,237.912658691406,44.8083648681641,48.8042984008789,0.605817675590515,0.000109317261376418,0.00108870270196348,0.00118404312524945,10.7917175292969,19.8606739044189,4.27092933654785,0.405426830053329,4.91627433802933e-05,4.12714653066359e-05,128.794418334961,160.654922485352
11.4530057907104,26.6362934112549,249.309188842773,99.0303955078125,40.0378150939941,97.9712295532227,237.856170654297,45.1031799316406,42.7706069946289,8.91907978057861,0.000118142575956881,0.00061869208002463,0.0084581607952714,14.1075468063354,21.0189304351807,3.94409680366516,0.34719306230545,7.61104165576398e-05,2.6097151931026e-05,77.7383880615234,109.627159118652
4.89846992492676,31.7026557922363,232.092330932617,81.3211441040039,51.6522178649902,84.0689697265625,227.193832397461,102.028091430664,58.1822052001953,5.5020022392273,9.79423202807084e-06,0.000694976944942027,0.00360909197479486,20.3430862426758,11.8473587036133,1.61307370662689,0.180011883378029,4.44999386672862e-05,3.34174619638361e-05,40.2398567199707,55.8493003845215
-5.38012075424194,32.7852325439453,228.413467407227,121.835525512695,80.9149398803711,108.56600189209,233.793563842773,53.0954780578613,16.394702911377,3.03943610191345,6.78400247124955e-05,0.000641499529592693,0.00180674740113318,11.7643899917603,14.5574712753296,3.5397937297821,0.653397560119629,2.843822039722e-05,4.17280461988412e-05,67.8324432373047,91.9144058227539
11.7059421539307,29.188117980957,240.637405395508,75.3394393920898,20.1279926300049,77.7319869995117,228.931411743164,99.0714874267578,53.9350471496582,3.27904939651489,2.0465222405619e-05,0.00118696072604507,0.00131010287441313,14.0112762451172,13.6785736083984,2.5016655921936,0.27174174785614,3.36008306476288e-05,2.3259161025635e-05,67.1327362060547,120.900657653809
15.8569030761719,26.0452156066895,251.317840576172,114.787040710449,48.4197273254395,106.299919128418,235.460906982422,52.1886940002441,32.8607406616211,1.30671977996826,6.13513548159972e-05,0.000431965600000694,0.00127491203602403,12.5970115661621,16.5803871154785,2.91182804107666,0.362522453069687,7.97334650997072e-05,2.33376085816417e-05,111.726676940918,164.51496887207
11.4430723190308,26.6255741119385,249.345626831055,90.7677612304688,26.0320053100586,82.6695556640625,237.902587890625,29.0135631561279,32.8286552429199,0.655076086521149,0.000120724114822224,0.000435919413575903,0.0015011322684586,10.9779510498047,19.2717323303223,2.80658578872681,0.292495787143707,7.85219453973696e-05,1.78930913534714e-05,85.3324737548828,119.093826293945
11.3300132751465,27.2417240142822,247.251800537109,76.0173873901367,13.8094444274902,56.211555480957,235.921813964844,39.2171401977539,25.855489730835,1.08496618270874,7.56729277782142e-05,0.000343657593475655,0.000892959942575544,10.7085409164429,17.2616195678711,3.21013188362122,0.263434439897537,5.71919663343579e-05,1.84930413524853e-05,97.783088684082,151.405807495117
16.1347217559814,25.2413959503174,254.049423217773,114.501136779785,35.4167404174805,105.066421508789,237.914733886719,33.9375953674316,44.8717193603516,1.19969940185547,5.8100551541429e-05,0.000427547667641193,0.000736212823539972,12.7648067474365,17.0825347900391,3.71024131774902,0.327757686376572,7.2138020186685e-05,1.99695969058666e-05,115.959732055664,168.213989257812
10.2617855072021,27.8432197570801,245.207748413086,52.5484352111816,11.8346853256226,37.0401954650879,234.945907592773,50.8558464050293,22.4267902374268,1.01247835159302,4.90706952405162e-05,0.000695868278853595,0.00131633563432842,14.7669191360474,15.9240560531616,3.52965950965881,0.169181883335114,7.2138529503718e-05,2.22934540943243e-05,72.1140975952148,108.341438293457
13.9445495605469,26.6872367858887,249.136077880859,78.6465454101562,10.2658939361572,64.2004089355469,235.191497802734,44.9292831420898,24.7182464599609,2.24776077270508,4.12548652093392e-05,0.000722261145710945,0.00203550839796662,12.1993551254272,13.9465579986572,2.34325003623962,0.283083647489548,3.64787774742581e-05,3.50733207596932e-05,118.768836975098,164.476089477539
4.23623371124268,28.8294067382812,241.856353759766,44.082103729248,21.2095832824707,29.084846496582,237.620193481445,27.3918685913086,34.3266181945801,0.437133133411407,0.000117789131763857,0.000674065435305238,0.000619301397819072,8.99189567565918,17.4398422241211,6.56886577606201,0.192015439271927,6.07620713708457e-05,2.48626220127335e-05,80.7298889160156,98.7197036743164
15.9136352539062,24.4099388122559,256.874938964844,134.071502685547,22.9063739776611,118.973533630371,240.961303710938,30.2728652954102,57.9899024963379,0.926031768321991,0.000106768959085457,0.00163925427477807,0.000673680799081922,13.3485860824585,19.3622570037842,2.76046252250671,0.335697948932648,6.1427585023921e-05,3.04388340737205e-05,147.281372070312,205.803146362305
8.82002925872803,26.729377746582,248.99284362793,104.758766174316,35.0370025634766,81.1582107543945,240.172836303711,32.7793006896973,56.7718162536621,0.468096286058426,0.000108340485894587,0.00066760100889951,0.000883516971953213,10.1384859085083,18.1920127868652,4.56449747085571,0.337811708450317,3.60429658030625e-05,3.21502848237287e-05,143.991821289062,178.902206420898
12.3748464584351,26.3658676147461,250.228149414062,86.2590866088867,16.0327758789062,73.4370803833008,237.853302001953,35.8716278076172,39.8960647583008,3.74349045753479,0.000106033010524698,0.000636607059277594,0.00689140241593122,9.8369140625,19.5867137908936,4.8681001663208,0.307291239500046,8.44730166136287e-05,2.88347619061824e-05,94.0197143554688,140.456130981445
8.4965991973877,29.1775588989258,240.673309326172,75.526725769043,57.5058479309082,62.5656700134277,232.176712036133,65.8710861206055,22.8091201782227,2.18666744232178,3.8777641748311e-05,0.000469479302410036,0.00179367046803236,12.7635040283203,14.2361145019531,4.31585311889648,0.437686949968338,2.52775498665869e-05,2.74992398772156e-05,93.7918472290039,138.180206298828
12.4607076644897,27.0478992462158,247.910400390625,78.632209777832,17.5328025817871,62.0471305847168,235.449661254883,45.2302856445312,27.0545349121094,1.77167129516602,5.44520516996272e-05,0.000574304780457169,0.00130059057846665,14.7127180099487,16.6655387878418,3.98009085655212,0.398945212364197,3.96376817661803e-05,1.85323515324853e-05,132.102279663086,161.861236572266
-7.91437673568726,33.6408157348633,225.506011962891,142.503845214844,50.6842498779297,101.447151184082,233.420333862305,54.4520683288574,18.3263473510742,1.10702633857727,9.91363922366872e-05,0.000449434359325096,0.000866440124809742,10.9090604782104,16.4309997558594,4.60659074783325,0.444462835788727,9.35745047172531e-05,2.8359523639665e-05,36.6496963500977,56.201717376709
18.6623287200928,24.1967658996582,257.599395751953,146.63655090332,63.2042465209961,141.343322753906,238.936981201172,28.8028526306152,37.5521049499512,3.17092871665955,7.35581052140333e-05,0.00152945041190833,0.00115104636643082,12.5725383758545,16.5666370391846,2.94641995429993,0.400482356548309,3.10569048451725e-05,3.16613404720556e-05,153.721160888672,210.040374755859
-0.817289650440216,31.4708595275879,232.880081176758,104.596084594727,29.3551330566406,123.011093139648,233.697341918945,58.9077415466309,28.6066513061523,0.52011513710022,5.69907351746224e-05,0.000344774918630719,0.00133772939443588,10.3881893157959,16.018949508667,4.0263032913208,0.198524340987206,8.2028862379957e-05,1.66949448612286e-05,68.416145324707,97.8973541259766
9.15918731689453,28.420093536377,243.247314453125,58.8031387329102,27.5485496520996,48.6224403381348,234.08821105957,50.5703926086426,20.1993503570557,1.36197674274445,6.50089205009863e-05,0.00141368096228689,0.000918585574254394,11.039608001709,17.74755859375,2.87884211540222,0.257453799247742,2.91402593575185e-05,3.16205514536705e-05,96.8025283813477,130.030578613281
14.8540544509888,25.201343536377,254.185501098633,116.623245239258,41.9801177978516,101.100433349609,239.331451416016,31.7179527282715,53.7327575683594,0.791592299938202,0.000118762967758812,0.000551648670807481,0.000664456107188016,10.6914968490601,19.8638877868652,5.03264331817627,0.327708780765533,5.01132089993916e-05,2.00613467313815e-05,134.258575439453,183.860610961914
12.5597705841064,27.3651809692383,246.832229614258,87.2766952514648,36.438045501709,73.6260604858398,234.272430419922,51.6630859375,24.2416324615479,1.50118255615234,6.97077266522683e-05,0.000394697621231899,0.0013542048400268,11.8589172363281,17.5861911773682,3.32440066337585,0.413824647665024,5.12873775733169e-05,2.08081073651556e-05,133.791290283203,169.418655395508
10.2869329452515,32.2212219238281,230.330093383789,105.199356079102,69.700065612793,98.6273498535156,220.043197631836,162.75129699707,107.430610656738,16.0256156921387,0.000178861548192799,0.00220354273915291,0.00463109090924263,32.9263038635254,11.2668619155884,2.31984257698059,0.311271905899048,2.8344125894364e-05,2.57849660556531e-05,65.7260971069336,42.8171615600586
-6.43280935287476,33.4313049316406,226.217926025391,127.360191345215,59.2327537536621,131.736877441406,232.650772094727,63.5736923217773,17.7863254547119,0.342678487300873,0.00011119923874503,0.000808452547062188,0.00150918366853148,8.90512752532959,18.8614177703857,7.37860202789307,0.411746174097061,8.08140976005234e-05,2.57897536357632e-05,47.212287902832,49.6336669921875
21.6192855834961,22.8802509307861,262.073211669922,170.288162231445,63.5765800476074,164.003967285156,240.453857421875,29.770528793335,52.6671524047852,2.65351891517639,7.26359648979269e-05,0.000514247862156481,0.00100691220723093,11.9665584564209,14.6646966934204,4.29006910324097,0.417234301567078,5.88798866374418e-05,1.9672566850204e-05,138.636932373047,188.468215942383
16.1599655151367,29.4479999542236,239.754241943359,118.611259460449,8.45816421508789,129.666885375977,223.594329833984,167.265075683594,100.931121826172,17.3597755432129,0.000152429784066044,0.00394680118188262,0.00339202373288572,24.9254951477051,16.3134574890137,2.40594339370728,0.267527431249619,9.93710054899566e-05,3.64449915650766e-05,78.4496154785156,117.152114868164
6.52863645553589,28.6496963500977,242.46711730957,46.5536842346191,23.9232711791992,31.0317344665527,235.9384765625,36.774600982666,25.6328907012939,1.5920557975769,8.23610171210021e-05,0.000602479616645724,0.00065317191183567,12.8514232635498,15.7251462936401,3.85866212844849,0.248367324471474,6.44459869363345e-05,1.784250162018e-05,91.0063171386719,118.883514404297
12.3006954193115,30.068775177002,237.64469909668,87.9224700927734,10.6261100769043,107.575469970703,225.344131469727,125.742393493652,80.4631805419922,4.82464361190796,1.87008554348722e-05,0.00225784443318844,0.000681641278788447,15.8590974807739,12.1993227005005,1.90962660312653,0.228212103247643,3.7205041735433e-05,2.8762455258402e-05,56.6832008361816,78.357780456543
12.1135902404785,25.7983417510986,252.156799316406,99.4777984619141,20.8898105621338,92.1278915405273,240.043197631836,23.7475986480713,48.4088439941406,0.737623751163483,9.28036752156913e-05,0.000433340086601675,0.00266337138600647,12.7472295761108,17.706563949585,3.30513453483582,0.302096664905548,8.60822256072424e-05,2.20445144805126e-05,110.568321228027,169.32405090332
20.2496700286865,23.3514575958252,260.471893310547,160.473403930664,58.5848999023438,144.224075317383,240.222244262695,37.8462753295898,60.4205169677734,1.74502778053284,8.68042043293826e-05,0.000647122738882899,0.000997937982901931,11.4830188751221,18.0453681945801,4.67950582504272,0.383434861898422,4.05995015171356e-05,1.71549691003747e-05,139.528350830078,201.458938598633
14.2597637176514,25.2845611572266,253.902694702148,109.725708007812,14.7573041915894,95.4255447387695,239.642959594727,26.1868019104004,55.2109031677246,0.728517353534698,0.0001183922868222,0.000365835556294769,0.000783685653004795,13.8429327011108,18.9001007080078,5.092369556427,0.351987540721893,9.07220819499344e-05,1.70640396390809e-05,119.554641723633,166.442260742188
22.370418548584,25.6279048919678,252.735916137695,116.818244934082,47.8196182250977,122.89510345459,230.365509033203,91.0206604003906,49.1308708190918,4.18706798553467,6.6459406298236e-06,0.000621952000074089,0.00188541796524078,16.081521987915,15.2723245620728,3.42727518081665,0.369465738534927,3.14328135573305e-05,2.87255898001604e-05,124.919647216797,174.035339355469
-2.25089764595032,32.7134399414062,228.657470703125,105.120376586914,47.7729148864746,120.495414733887,230.908416748047,73.5321273803711,36.709358215332,14.0751667022705,7.53706190153025e-05,0.00139343237970024,0.0107692489400506,15.9356107711792,18.1180896759033,3.00912070274353,0.544581890106201,9.2128015239723e-05,2.61525237874594e-05,40.104248046875,53.5175971984863
6.3148307800293,28.1545848846436,244.149658203125,97.9897994995117,62.8875274658203,82.0550308227539,237.834838867188,38.3748664855957,46.8273773193359,1.65896034240723,9.2437410785351e-05,0.00160945311654359,0.00111366552300751,7.45318651199341,18.9236392974854,4.844407081604,0.358440846204758,0.000104643782833591,2.9487493520719e-05,120.702774047852,169.811508178711
11.8366775512695,26.8518676757812,248.576614379883,105.679969787598,27.407377243042,101.690483093262,236.739974975586,44.3457717895508,34.6332511901855,1.29077184200287,9.87718012765981e-05,0.000308221176965162,0.00094119063578546,11.3774852752686,17.6774349212646,3.25698232650757,0.299372494220734,3.08655180560891e-05,2.12681898119627e-05,126.145408630371,172.655776977539
20.1621513366699,22.4714088439941,263.462585449219,181.603805541992,68.5352325439453,174.862411499023,243.300369262695,35.8412818908691,74.6886138916016,1.94360458850861,8.35599639685825e-05,0.000834007805678993,0.000584604393225163,10.9940519332886,16.9851093292236,3.16942644119263,0.397933423519135,8.49372954689898e-05,2.32619040616555e-05,172.965713500977,233.072021484375
23.6809730529785,26.7578907012939,248.895980834961,93.690185546875,27.5214691162109,101.187652587891,225.214965820312,134.671264648438,86.4193878173828,8.32500839233398,0.00018669456767384,0.00128331664018333,0.00343972072005272,33.3548851013184,11.0975770950317,3.48518896102905,0.338742226362228,2.55656268564053e-05,3.30110160575714e-05,96.8242111206055,144.031311035156
25.6515407562256,24.189697265625,257.623352050781,138.674468994141,60.1925926208496,116.25545501709,231.971801757812,79.708366394043,43.3186569213867,8.93609523773193,9.59329045144841e-05,0.00109616946429014,0.00436727656051517,26.9603004455566,11.8881645202637,3.10745286941528,0.391629457473755,2.46722738665994e-05,3.0477785912808e-05,71.3583755493164,123.621658325195
9.90085887908936,30.373722076416,236.608413696289,59.0589485168457,30.2568244934082,69.9679870605469,226.707534790039,113.933097839355,66.1726608276367,0.75599467754364,1.75263103301404e-05,0.000877341721206903,0.00153311947360635,12.7887849807739,14.5051641464233,2.84657120704651,0.260975360870361,5.91872922086623e-05,2.50922839768464e-05,50.3791389465332,74.7961883544922
4.18607759475708,29.6657733917236,239.014175415039,57.1894035339355,34.4183731079102,58.3345794677734,234.828109741211,50.5306053161621,26.9349765777588,0.473223716020584,0.000105942504887935,0.00080139480996877,0.00169380439911038,11.7730684280396,19.2545337677002,7.22085952758789,0.239966079592705,7.99466215539724e-05,2.35967145272298e-05,85.4871368408203,108.662757873535
-2.25102543830872,32.8503532409668,228.192184448242,111.693176269531,56.9056091308594,125.947113037109,230.443222045898,80.2015609741211,27.55539894104,0.47445797920227,0.000109555148810614,0.00045842767576687,0.00206565181724727,15.847617149353,20.0629749298096,6.71509504318237,0.571122527122498,6.60636214888655e-05,2.69086267508101e-05,52.6558036804199,70.667121887207
18.4212894439697,25.1800918579102,254.257781982422,112.529685974121,21.0995578765869,97.2123336791992,235.83642578125,41.2258415222168,23.2293548583984,2.39869737625122,5.58831561647821e-05,0.000456774840131402,0.0013590898597613,12.6483325958252,13.9043035507202,2.39018249511719,0.344536870718002,5.83501096116379e-05,2.25482344831107e-05,110.054573059082,160.125137329102
26.0940170288086,25.0449180603027,254.71711730957,148.955688476562,82.745002746582,145.664581298828,228.623107910156,107.202178955078,63.2465744018555,5.89413547515869,3.31402734445874e-05,0.00117774796672165,0.00214049522764981,16.9519710540771,11.5936613082886,4.44288158416748,0.443754971027374,2.45568044192623e-05,3.10921168420464e-05,90.36181640625,153.760971069336
23.7297172546387,22.4783630371094,263.438903808594,194.705184936523,103.108253479004,180.256820678711,239.709228515625,50.3351058959961,57.0144844055176,3.55416893959045,4.91715982207097e-05,0.000547987292520702,0.00179807562381029,13.0130243301392,15.2339477539062,3.2594141960144,0.429297059774399,2.84864636341808e-05,2.03965937544126e-05,158.425491333008,224.568725585938
23.4430561065674,21.5731792449951,266.514953613281,202.38459777832,73.3525543212891,183.906188964844,243.07194519043,32.5203475952148,57.9674224853516,4.06575441360474,2.90448315354297e-05,0.00144661508966237,0.00205751857720315,13.4939231872559,13.0078611373901,3.07907319068909,0.395270317792892,6.12622097833082e-05,3.28706737491302e-05,145.213333129883,231.414764404297
16.9601974487305,23.4324684143066,260.196655273438,154.471450805664,40.2394981384277,132.098068237305,243.236434936523,36.7870712280273,73.2495346069336,9.89126873016357,0.000146813006722368,0.00169585982803255,0.00400953553617001,16.5020008087158,24.6275501251221,5.14653778076172,0.367290914058685,8.61563603393734e-05,2.13389866985381e-05,118.533813476562,176.868530273438
5.71985340118408,28.8857612609863,241.664916992188,40.506462097168,19.879674911499,38.0059432983398,235.945037841797,39.4527931213379,17.6062431335449,0.728134393692017,9.00280138012022e-05,0.00101642333902419,0.00319932331331074,6.72096872329712,14.9180164337158,3.23622632026672,0.231174424290657,6.497060530819e-05,2.90333464363357e-05,52.5659599304199,77.9370346069336
-2.78509044647217,30.7329502105713,235.387664794922,96.1766891479492,75.3981857299805,78.6719055175781,238.172744750977,32.4436721801758,52.3991088867188,0.706394553184509,0.000124527825391851,0.000583068176638335,0.000762787007261068,9.56313037872314,20.510929107666,6.59685897827148,1.22086536884308,6.79356380715035e-05,3.32493509631604e-05,125.055145263672,157.869094848633
10.4707136154175,27.7896347045898,245.38981628418,102.934837341309,28.0078277587891,107.876708984375,234.91911315918,61.1440124511719,39.3634834289551,0.572971284389496,7.83453724579886e-05,0.00047049333807081,0.0022713381331414,10.8670263290405,19.0457649230957,4.43139982223511,0.335089594125748,7.57989982957952e-05,2.2864798665978e-05,98.8668060302734,158.877014160156
9.86382389068604,25.7784748077393,252.224258422852,100.450408935547,10.889407157898,98.0143890380859,242.360366821289,39.9982261657715,71.7889022827148,1.71162092685699,0.000103123195003718,0.000952040601987392,0.00134818244259804,9.36984062194824,16.8645076751709,2.7946355342865,0.244650170207024,6.80145240039565e-05,4.17773408116773e-05,125.102500915527,171.354293823242
0.979154825210571,29.7247047424316,238.813934326172,87.953125,64.2814712524414,77.4450225830078,237.834716796875,40.4801902770996,42.6307106018066,2.48182010650635,7.79633191996254e-05,0.000819784530904144,0.00197156565263867,8.30066204071045,15.2825736999512,3.95695495605469,0.573218107223511,2.81593202089425e-05,4.55591434729286e-05,96.1270370483398,142.799331665039
20.977518081665,28.326473236084,243.565567016602,57.721019744873,6.35365772247314,56.5763969421387,222.587982177734,150.52946472168,104.221580505371,10.351469039917,0.000157297385158017,0.00287626031786203,0.00231663533486426,32.5034790039062,11.2296380996704,3.71440625190735,0.230895012617111,3.34840769937728e-05,3.85428211302496e-05,65.0732345581055,78.8529357910156
32.8406028747559,24.3118000030518,257.208435058594,146.829513549805,66.7218933105469,137.799575805664,224.367797851562,151.453460693359,106.7236328125,18.231128692627,0.000258902116911486,0.00361655233427882,0.00350530818104744,37.2057151794434,13.4249505996704,5.88710689544678,0.408750206232071,2.6006744519691e-05,3.74843511963263e-05,98.1889801025391,156.748504638672
18.6984901428223,23.8756694793701,258.690521240234,145.637329101562,37.6369934082031,123.930274963379,239.992004394531,23.8247756958008,45.3234024047852,1.54171192646027,9.67018204391934e-05,0.00076851446647197,0.000749554892536253,9.99474048614502,18.0039920806885,3.01817965507507,0.370811223983765,4.20713440689724e-05,2.32864713325398e-05,131.186050415039,182.571807861328
11.7105321884155,25.5342273712158,253.054244995117,126.018844604492,28.1732158660889,113.585884094238,241.343795776367,39.6051788330078,61.8276977539062,0.931096315383911,9.88612155197188e-05,0.00192277424503118,0.000867508410010487,11.1628484725952,18.2507629394531,2.44218564033508,0.334388732910156,3.74760711565614e-05,3.82184261980001e-05,144.71858215332,197.990020751953
10.3548259735107,27.7895774841309,245.390090942383,73.1964645385742,29.5660076141357,64.201774597168,235.03515625,46.0789260864258,22.8452281951904,1.01807904243469,8.75516270752996e-05,0.00033453680225648,0.000832371122669429,11.6268920898438,17.214183807373,2.85189127922058,0.284188896417618,4.20805481553543e-05,1.93576797755668e-05,115.757789611816,151.197128295898
14.6242418289185,25.3071556091309,253.825942993164,132.383666992188,54.0527305603027,128.063430786133,239.201736450195,36.5076560974121,52.0680999755859,1.38609278202057,0.000115259710582905,0.000234556748182513,0.000660535471979529,8.49328899383545,19.9397754669189,3.72957348823547,0.384195685386658,4.77642315672711e-05,1.43423867484671e-05,134.444747924805,188.932601928711
12.1531829833984,26.5592803955078,249.570861816406,77.9573440551758,12.3602056503296,60.2994155883789,237.417724609375,33.953498840332,37.2136650085449,0.818928360939026,9.49282984947786e-05,0.000610329618211836,0.00101047020871192,8.95626831054688,16.8168849945068,5.49195671081543,0.225235357880592,8.22473521111533e-05,2.11179121833993e-05,96.2503204345703,126.630737304688
6.79285192489624,28.8396892547607,241.821502685547,35.5947380065918,17.8782253265381,40.3921241760254,235.028625488281,44.9837303161621,21.0237312316895,0.619939088821411,0.00011184583127033,0.000399398850277066,0.00163667555898428,10.1942481994629,19.8898601531982,5.2894926071167,0.227236717939377,9.30906680878252e-05,1.90715818462195e-05,64.1863250732422,83.2523574829102
8.74401187896729,28.4691028594971,243.080780029297,52.5883827209473,19.7891674041748,48.3181991577148,234.336791992188,53.5776481628418,24.1497535705566,0.835882782936096,0.000112447363790125,0.000420912576373667,0.00102882739156485,13.0291471481323,20.0474338531494,5.35970830917358,0.261775732040405,7.75854423409328e-05,1.83131760422839e-05,87.1521530151367,115.994132995605
17.7878684997559,23.3520393371582,260.469970703125,160.456069946289,41.0084457397461,156.456268310547,242.682113647461,35.8278160095215,72.9387893676758,1.02416586875916,9.60697798291221e-05,0.000483170180814341,0.000620569742750376,10.5373859405518,18.4428844451904,4.67858839035034,0.336662977933884,5.99745799263474e-05,1.68303085956722e-05,168.983871459961,220.641952514648
9.69289875030518,28.1993026733398,243.997650146484,73.3882904052734,40.4480743408203,60.7685966491699,234.304824829102,55.2173690795898,26.800271987915,1.24819767475128,8.40874272398651e-05,0.000363024970283732,0.000828553806059062,11.7839632034302,17.6162300109863,4.0154275894165,0.275339275598526,5.03391929669306e-05,1.67255966516677e-05,80.5098648071289,134.515808105469
3.80803680419922,27.6863842010498,245.74072265625,89.5052490234375,36.8983573913574,63.7170906066895,241.932647705078,56.6603202819824,60.7516021728516,0.77569854259491,0.000119512602395844,0.0029016463086009,0.000777855748310685,11.6391973495483,18.7554092407227,3.16625356674194,0.427797347307205,6.62115999148227e-05,4.4373759010341e-05,135.0751953125,163.880676269531
19.0623302459717,23.9599876403809,258.404022216797,157.271255493164,73.7244491577148,154.964019775391,239.341674804688,45.9171333312988,54.3397331237793,1.78839612007141,0.000109630920633208,0.000848584400955588,0.00144458026625216,11.8759174346924,19.0602474212646,4.51617097854614,0.40493044257164,5.4545707826037e-05,2.47294428845635e-05,161.041778564453,215.118774414062
0.268481820821762,32.7168579101562,228.645858764648,130.065994262695,23.1753330230713,156.620910644531,228.377288818359,99.250114440918,43.4790802001953,0.520355522632599,9.06610948732123e-05,0.000692220579367131,0.000658400123938918,14.8927011489868,18.2753849029541,5.21930551528931,0.18169991672039,7.9286503023468e-05,1.65605179063277e-05,37.6081619262695,40.3808631896973
13.2255573272705,25.36692237854,253.622802734375,113.411026000977,26.168981552124,92.5157470703125,240.397262573242,23.8804416656494,57.8979568481445,0.900018632411957,0.00012591973063536,0.00041930002043955,0.000693252717610449,11.2505760192871,19.4735317230225,4.59680366516113,0.344572216272354,8.1882142694667e-05,1.90164428204298e-05,157.337921142578,175.672821044922
4.39470911026001,28.776517868042,242.036163330078,45.7466888427734,23.1501998901367,40.4606819152832,237.64143371582,27.1159019470215,38.4398994445801,0.46764463186264,0.00012234017776791,0.000709078216459602,0.000736626971047372,9.31964683532715,18.2553997039795,5.68263101577759,0.548772633075714,6.80645316606387e-05,2.05972955882316e-05,111.096336364746,140.266159057617
15.0377101898193,27.7646656036377,245.474670410156,60.4287986755371,8.54146575927734,58.8486251831055,230.436996459961,91.1682968139648,50.0803642272949,1.50176596641541,2.16656317206798e-05,0.00182080501690507,0.00101132178679109,11.4471874237061,13.1014719009399,2.90463471412659,0.259062230587006,4.64274526166264e-05,2.75604634225601e-05,71.9922103881836,123.817230224609
7.67779588699341,28.1941566467285,244.015090942383,46.2951354980469,9.09647846221924,31.8720245361328,236.337341308594,38.501823425293,27.4578475952148,7.24996471405029,0.00011408203135943,0.000505892501678318,0.00905727874487638,13.0880947113037,20.6724491119385,4.49289703369141,0.372980386018753,7.8931960160844e-05,3.05729226965923e-05,55.7087135314941,96.2958984375
20.2287826538086,27.0676879882812,247.843231201172,77.0197219848633,30.600118637085,71.2924499511719,227.614395141602,108.629768371582,62.111515045166,7.4338812828064,4.10104112233967e-05,0.000645193795207888,0.00424733711406589,20.6582450866699,12.3234872817993,2.88187766075134,0.347677886486053,2.7327176212566e-05,2.34720628213836e-05,52.1949653625488,92.5045471191406
14.5789585113525,24.9899044036865,254.904022216797,120.553016662598,10.0527791976929,98.7016448974609,240.325057983398,24.1823348999023,47.1087341308594,0.653268873691559,0.000118513715278823,0.000602851447183639,0.000756675552111119,9.56912994384766,18.0047988891602,3.19143319129944,0.26918563246727,3.9846283470979e-05,2.00909944396699e-05,127.810607910156,180.043106079102
0.204374104738235,29.7933197021484,238.580780029297,112.423370361328,84.927619934082,96.2605972290039,238.376373291016,46.8853645324707,54.0593948364258,1.2947154045105,0.000115032460598741,0.00114202103577554,0.000803537841420621,11.0061206817627,20.3153228759766,4.52702283859253,0.99886029958725,3.0095918191364e-05,3.53338982677087e-05,147.065612792969,175.981094360352
24.730281829834,23.02001953125,261.598205566406,164.52116394043,55.6730842590332,164.88313293457,236.867950439453,44.27685546875,35.2852554321289,5.71668100357056,7.12075780029409e-05,0.00172425259370357,0.00348631292581558,24.1043224334717,12.3599576950073,3.17769479751587,0.37715208530426,8.2290469435975e-05,3.89688902941998e-05,105.205322265625,171.281097412109
-5.88254451751709,33.341121673584,226.524398803711,149.121795654297,33.5316925048828,153.042495727539,232.406951904297,69.6683349609375,27.1864776611328,0.540944576263428,0.000103167527413461,0.00049316423246637,0.000616287929005921,10.0375452041626,16.9894351959229,4.66251468658447,0.157086759805679,5.4270276450552e-05,1.92913721548393e-05,46.1940231323242,70.9939804077148
16.6004581451416,23.8283596038818,258.851257324219,146.178833007812,57.3157081604004,128.952789306641,242.250839233398,28.2997016906738,59.2730674743652,6.72921466827393,0.000120945966045838,0.000641526770778,0.00708182901144028,10.1864213943481,19.0349063873291,3.47769093513489,0.396237730979919,7.61312185204588e-05,2.29403303819709e-05,96.9213333129883,141.481887817383
-2.88890147209167,35.6366691589355,218.723510742188,194.034149169922,70.4729843139648,184.447296142578,221.612411499023,147.115539550781,89.6242370605469,6.51635456085205,1.60203398991143e-05,0.00107385113369673,0.00176389038097113,13.257378578186,12.0887765884399,2.82315039634705,0.514021933078766,5.9628662711475e-05,2.17979413719149e-05,47.1082954406738,42.6654930114746
